model_name,class_type,model_id,window_id,class_label,feature,coef
logit,binary,logit_binary,win_01,1,op_margin_diff,0.9211391174260705
logit,binary,logit_binary,win_01,1,net_margin_diff,-0.9398245657131644
logit,binary,logit_binary,win_01,1,leverage_diff,0.10877228175590647
logit,binary,logit_binary,win_01,1,cash_ratio_diff,-0.033731340912528426
logit,binary,logit_binary,win_01,1,rnd_intensity_diff,-0.10846246143677336
logit,binary,logit_binary,win_01,1,capex_intensity_diff,-0.0018498708534451444
logit,binary,logit_binary,win_01,1,asset_turnover_diff,0.13771349762256974
logit,binary,logit_binary,win_01,1,log_mcap_diff,-0.17141266527941149
logit,binary,logit_binary,win_01,1,mom5_diff,-0.06921117499393695
logit,binary,logit_binary,win_01,1,mom21_diff,-0.00986622672762165
logit,binary,logit_binary,win_01,1,mom63_diff,-0.02664255879197904
logit,binary,logit_binary,win_01,1,ma_gap20_diff,0.09423864687864907
logit,binary,logit_binary,win_01,1,rsi14_diff,-0.06052096491848885
logit,binary,logit_binary,win_01,1,rv21_diff,-0.0691123288280823
logit,binary,logit_binary,win_01,1,vol_shock20_diff,-0.024265468192961756
logit,binary,logit_binary,win_02,1,op_margin_diff,0.29222389305465046
logit,binary,logit_binary,win_02,1,net_margin_diff,-0.4332976479823904
logit,binary,logit_binary,win_02,1,leverage_diff,0.1338919201520084
logit,binary,logit_binary,win_02,1,cash_ratio_diff,-0.024168680235647173
logit,binary,logit_binary,win_02,1,rnd_intensity_diff,-0.239229876486523
logit,binary,logit_binary,win_02,1,capex_intensity_diff,0.012175293036098269
logit,binary,logit_binary,win_02,1,asset_turnover_diff,0.21187372926497125
logit,binary,logit_binary,win_02,1,log_mcap_diff,-0.18687251093696056
logit,binary,logit_binary,win_02,1,mom5_diff,-0.0635584316882397
logit,binary,logit_binary,win_02,1,mom21_diff,-0.03428373163139923
logit,binary,logit_binary,win_02,1,mom63_diff,-0.06765203980660815
logit,binary,logit_binary,win_02,1,ma_gap20_diff,0.10318278533560164
logit,binary,logit_binary,win_02,1,rsi14_diff,-0.027601097786357408
logit,binary,logit_binary,win_02,1,rv21_diff,-0.10069982314144094
logit,binary,logit_binary,win_02,1,vol_shock20_diff,-0.0432453772637757
logit,binary,logit_binary,win_03,1,op_margin_diff,0.0023591479663457693
logit,binary,logit_binary,win_03,1,net_margin_diff,-0.0209970950525124
logit,binary,logit_binary,win_03,1,leverage_diff,0.1274421877621576
logit,binary,logit_binary,win_03,1,cash_ratio_diff,-0.007373117331494257
logit,binary,logit_binary,win_03,1,rnd_intensity_diff,-0.14307868452667602
logit,binary,logit_binary,win_03,1,capex_intensity_diff,0.0013264530838739185
logit,binary,logit_binary,win_03,1,asset_turnover_diff,0.15484201765320366
logit,binary,logit_binary,win_03,1,log_mcap_diff,-0.2006383976399138
logit,binary,logit_binary,win_03,1,mom5_diff,-0.12716874289949387
logit,binary,logit_binary,win_03,1,mom21_diff,-0.09998113510188564
logit,binary,logit_binary,win_03,1,mom63_diff,-0.015481049371586224
logit,binary,logit_binary,win_03,1,ma_gap20_diff,0.12621442432678556
logit,binary,logit_binary,win_03,1,rsi14_diff,-0.033442119325747685
logit,binary,logit_binary,win_03,1,rv21_diff,-0.048597467395723466
logit,binary,logit_binary,win_03,1,vol_shock20_diff,-0.0415627766851572
logit,binary,logit_binary,win_04,1,op_margin_diff,0.01766146554719033
logit,binary,logit_binary,win_04,1,net_margin_diff,0.016522901901804936
logit,binary,logit_binary,win_04,1,leverage_diff,0.08109565513626912
logit,binary,logit_binary,win_04,1,cash_ratio_diff,-0.01397149541653187
logit,binary,logit_binary,win_04,1,rnd_intensity_diff,-0.02946689859354083
logit,binary,logit_binary,win_04,1,capex_intensity_diff,0.01074347648996575
logit,binary,logit_binary,win_04,1,asset_turnover_diff,0.06673709469636632
logit,binary,logit_binary,win_04,1,log_mcap_diff,-0.10709563781817362
logit,binary,logit_binary,win_04,1,mom5_diff,-0.061847349618783326
logit,binary,logit_binary,win_04,1,mom21_diff,-0.04081267494299775
logit,binary,logit_binary,win_04,1,mom63_diff,0.046560783586105665
logit,binary,logit_binary,win_04,1,ma_gap20_diff,0.012479672036410764
logit,binary,logit_binary,win_04,1,rsi14_diff,-0.0014430478448207455
logit,binary,logit_binary,win_04,1,rv21_diff,-0.020937536957787935
logit,binary,logit_binary,win_04,1,vol_shock20_diff,-0.004952391432672011
logit,binary,logit_binary,win_05,1,op_margin_diff,0.014127531807508423
logit,binary,logit_binary,win_05,1,net_margin_diff,0.013337388101388665
logit,binary,logit_binary,win_05,1,leverage_diff,0.10299150037342314
logit,binary,logit_binary,win_05,1,cash_ratio_diff,-2.469504176634362e-05
logit,binary,logit_binary,win_05,1,rnd_intensity_diff,-0.02836993456862257
logit,binary,logit_binary,win_05,1,capex_intensity_diff,0.03147023823510461
logit,binary,logit_binary,win_05,1,asset_turnover_diff,0.07973623943710183
logit,binary,logit_binary,win_05,1,log_mcap_diff,-0.07937402892022093
logit,binary,logit_binary,win_05,1,mom5_diff,-0.0542504676128722
logit,binary,logit_binary,win_05,1,mom21_diff,-0.05459985799867505
logit,binary,logit_binary,win_05,1,mom63_diff,0.059521898066647615
logit,binary,logit_binary,win_05,1,ma_gap20_diff,0.0027811279997865374
logit,binary,logit_binary,win_05,1,rsi14_diff,-0.00544861888363302
logit,binary,logit_binary,win_05,1,rv21_diff,-0.04301688091779436
logit,binary,logit_binary,win_05,1,vol_shock20_diff,-0.0030264285816978247
logit,binary,logit_binary,win_06,1,op_margin_diff,0.008106434162183736
logit,binary,logit_binary,win_06,1,net_margin_diff,0.006354787098890837
logit,binary,logit_binary,win_06,1,leverage_diff,0.0811920447145957
logit,binary,logit_binary,win_06,1,cash_ratio_diff,-0.014279845853687943
logit,binary,logit_binary,win_06,1,rnd_intensity_diff,-0.02432365308360872
logit,binary,logit_binary,win_06,1,capex_intensity_diff,0.026888714883728158
logit,binary,logit_binary,win_06,1,asset_turnover_diff,0.09722139905864512
logit,binary,logit_binary,win_06,1,log_mcap_diff,-0.08262688416044339
logit,binary,logit_binary,win_06,1,mom5_diff,-0.04083346329075042
logit,binary,logit_binary,win_06,1,mom21_diff,-0.04164138028024856
logit,binary,logit_binary,win_06,1,mom63_diff,0.035374736960678214
logit,binary,logit_binary,win_06,1,ma_gap20_diff,-0.005951041981853622
logit,binary,logit_binary,win_06,1,rsi14_diff,0.007170961603508278
logit,binary,logit_binary,win_06,1,rv21_diff,-0.040611919912319897
logit,binary,logit_binary,win_06,1,vol_shock20_diff,0.0018640141361737222
logit,binary,logit_binary,win_07,1,op_margin_diff,-0.001190907075152873
logit,binary,logit_binary,win_07,1,net_margin_diff,-0.002181084944849872
logit,binary,logit_binary,win_07,1,leverage_diff,0.1416655561679402
logit,binary,logit_binary,win_07,1,cash_ratio_diff,-0.013182736170949215
logit,binary,logit_binary,win_07,1,rnd_intensity_diff,-0.10506600502202529
logit,binary,logit_binary,win_07,1,capex_intensity_diff,0.02030406119036911
logit,binary,logit_binary,win_07,1,asset_turnover_diff,0.14261623554741373
logit,binary,logit_binary,win_07,1,log_mcap_diff,-0.1425347476016007
logit,binary,logit_binary,win_07,1,mom5_diff,-0.027087770521014562
logit,binary,logit_binary,win_07,1,mom21_diff,-0.11797716968065664
logit,binary,logit_binary,win_07,1,mom63_diff,0.03202034602098626
logit,binary,logit_binary,win_07,1,ma_gap20_diff,0.03978587850747709
logit,binary,logit_binary,win_07,1,rsi14_diff,0.02095336803917761
logit,binary,logit_binary,win_07,1,rv21_diff,-0.06945931447072537
logit,binary,logit_binary,win_07,1,vol_shock20_diff,0.03563825210172819
logit,binary,logit_binary,win_08,1,op_margin_diff,-0.000825944713873816
logit,binary,logit_binary,win_08,1,net_margin_diff,-0.0014306850379901617
logit,binary,logit_binary,win_08,1,leverage_diff,0.06702430965574376
logit,binary,logit_binary,win_08,1,cash_ratio_diff,-0.0047955127422833945
logit,binary,logit_binary,win_08,1,rnd_intensity_diff,-0.011362352377424141
logit,binary,logit_binary,win_08,1,capex_intensity_diff,0.028654012400264082
logit,binary,logit_binary,win_08,1,asset_turnover_diff,0.0891151628987074
logit,binary,logit_binary,win_08,1,log_mcap_diff,-0.07430306468309684
logit,binary,logit_binary,win_08,1,mom5_diff,-0.010456620925536089
logit,binary,logit_binary,win_08,1,mom21_diff,-0.05250901131674891
logit,binary,logit_binary,win_08,1,mom63_diff,0.04656768258430472
logit,binary,logit_binary,win_08,1,ma_gap20_diff,0.005247529347681623
logit,binary,logit_binary,win_08,1,rsi14_diff,0.00995909429355144
logit,binary,logit_binary,win_08,1,rv21_diff,-0.035990269237375194
logit,binary,logit_binary,win_08,1,vol_shock20_diff,0.050587902533923
logit,binary,logit_binary,win_09,1,op_margin_diff,-0.08110659038445454
logit,binary,logit_binary,win_09,1,net_margin_diff,-0.12504571504698267
logit,binary,logit_binary,win_09,1,leverage_diff,0.10753524629724899
logit,binary,logit_binary,win_09,1,cash_ratio_diff,0.021587885261953533
logit,binary,logit_binary,win_09,1,rnd_intensity_diff,-0.2295990213290018
logit,binary,logit_binary,win_09,1,capex_intensity_diff,0.02900253613371306
logit,binary,logit_binary,win_09,1,asset_turnover_diff,0.19081244154887875
logit,binary,logit_binary,win_09,1,log_mcap_diff,-0.12485279008720264
logit,binary,logit_binary,win_09,1,mom5_diff,-0.0826447704591666
logit,binary,logit_binary,win_09,1,mom21_diff,-0.19199533791474074
logit,binary,logit_binary,win_09,1,mom63_diff,0.0326011591721152
logit,binary,logit_binary,win_09,1,ma_gap20_diff,0.14489990546896
logit,binary,logit_binary,win_09,1,rsi14_diff,0.035339347975192816
logit,binary,logit_binary,win_09,1,rv21_diff,-0.08582393367635674
logit,binary,logit_binary,win_09,1,vol_shock20_diff,0.06907674565399596
logit,binary,logit_binary,win_10,1,op_margin_diff,-0.004523872630402029
logit,binary,logit_binary,win_10,1,net_margin_diff,-0.004019015094742445
logit,binary,logit_binary,win_10,1,leverage_diff,0.050902200955067985
logit,binary,logit_binary,win_10,1,cash_ratio_diff,0.00031969146920292953
logit,binary,logit_binary,win_10,1,rnd_intensity_diff,0.005636011210894269
logit,binary,logit_binary,win_10,1,capex_intensity_diff,0.012703254626257201
logit,binary,logit_binary,win_10,1,asset_turnover_diff,0.115654165835249
logit,binary,logit_binary,win_10,1,log_mcap_diff,-0.05100484917816365
logit,binary,logit_binary,win_10,1,mom5_diff,-0.024702681231735427
logit,binary,logit_binary,win_10,1,mom21_diff,-0.06837738516308443
logit,binary,logit_binary,win_10,1,mom63_diff,0.03246827595346627
logit,binary,logit_binary,win_10,1,ma_gap20_diff,0.01042412930278186
logit,binary,logit_binary,win_10,1,rsi14_diff,0.0322576838386778
logit,binary,logit_binary,win_10,1,rv21_diff,-0.033449055157365126
logit,binary,logit_binary,win_10,1,vol_shock20_diff,0.049639089604145245
logit,binary,logit_binary,win_11,1,op_margin_diff,-0.018200318499703303
logit,binary,logit_binary,win_11,1,net_margin_diff,-0.027130607470021825
logit,binary,logit_binary,win_11,1,leverage_diff,0.06503365022429132
logit,binary,logit_binary,win_11,1,cash_ratio_diff,0.009850433379428885
logit,binary,logit_binary,win_11,1,rnd_intensity_diff,-0.01372205009906334
logit,binary,logit_binary,win_11,1,capex_intensity_diff,0.0014388942909014705
logit,binary,logit_binary,win_11,1,asset_turnover_diff,0.20054576274212266
logit,binary,logit_binary,win_11,1,log_mcap_diff,-0.08429198062403667
logit,binary,logit_binary,win_11,1,mom5_diff,-0.06423340484902403
logit,binary,logit_binary,win_11,1,mom21_diff,-0.13251830977282422
logit,binary,logit_binary,win_11,1,mom63_diff,0.0062880231671132835
logit,binary,logit_binary,win_11,1,ma_gap20_diff,0.12573404270354022
logit,binary,logit_binary,win_11,1,rsi14_diff,0.011300483064952491
logit,binary,logit_binary,win_11,1,rv21_diff,-0.068941748734554
logit,binary,logit_binary,win_11,1,vol_shock20_diff,0.06491610727345483
logit,binary,logit_binary,win_12,1,op_margin_diff,-0.06310305792131268
logit,binary,logit_binary,win_12,1,net_margin_diff,-0.00949237720071003
logit,binary,logit_binary,win_12,1,leverage_diff,0.02656081573874873
logit,binary,logit_binary,win_12,1,cash_ratio_diff,-0.02236965205819859
logit,binary,logit_binary,win_12,1,rnd_intensity_diff,-0.16389620803422333
logit,binary,logit_binary,win_12,1,capex_intensity_diff,0.024246963980643813
logit,binary,logit_binary,win_12,1,asset_turnover_diff,0.10548779981987516
logit,binary,logit_binary,win_12,1,log_mcap_diff,-0.020843853339924813
logit,binary,logit_binary,win_12,1,mom5_diff,-0.06252765840517202
logit,binary,logit_binary,win_12,1,mom21_diff,-0.17847232037942054
logit,binary,logit_binary,win_12,1,mom63_diff,0.01974825077657709
logit,binary,logit_binary,win_12,1,ma_gap20_diff,0.21540037426144004
logit,binary,logit_binary,win_12,1,rsi14_diff,-0.02872950700790177
logit,binary,logit_binary,win_12,1,rv21_diff,-0.15097439184058922
logit,binary,logit_binary,win_12,1,vol_shock20_diff,0.10188647839862096
logit,binary,logit_binary,win_13,1,op_margin_diff,-0.09829564210661768
logit,binary,logit_binary,win_13,1,net_margin_diff,0.06230104930211464
logit,binary,logit_binary,win_13,1,leverage_diff,0.018099133893302144
logit,binary,logit_binary,win_13,1,cash_ratio_diff,-0.04802284127447962
logit,binary,logit_binary,win_13,1,rnd_intensity_diff,-0.1288736187752644
logit,binary,logit_binary,win_13,1,capex_intensity_diff,0.022404723434682423
logit,binary,logit_binary,win_13,1,asset_turnover_diff,0.039747577461623815
logit,binary,logit_binary,win_13,1,log_mcap_diff,-0.012119621602671122
logit,binary,logit_binary,win_13,1,mom5_diff,-0.03514069531753821
logit,binary,logit_binary,win_13,1,mom21_diff,-0.16952960718333807
logit,binary,logit_binary,win_13,1,mom63_diff,-0.04167933493602862
logit,binary,logit_binary,win_13,1,ma_gap20_diff,0.10843366911912689
logit,binary,logit_binary,win_13,1,rsi14_diff,0.09777001168323342
logit,binary,logit_binary,win_13,1,rv21_diff,-0.08974649016480794
logit,binary,logit_binary,win_13,1,vol_shock20_diff,0.10903124138303764
logit,binary,logit_binary,win_14,1,op_margin_diff,-0.005367886184647732
logit,binary,logit_binary,win_14,1,net_margin_diff,0.017894568802178854
logit,binary,logit_binary,win_14,1,leverage_diff,-0.0025308004086257423
logit,binary,logit_binary,win_14,1,cash_ratio_diff,-0.0002378957955027951
logit,binary,logit_binary,win_14,1,rnd_intensity_diff,-0.04155309082119415
logit,binary,logit_binary,win_14,1,capex_intensity_diff,0.0023760338125588015
logit,binary,logit_binary,win_14,1,asset_turnover_diff,0.019853583565056166
logit,binary,logit_binary,win_14,1,log_mcap_diff,0.0022218582643440702
logit,binary,logit_binary,win_14,1,mom5_diff,-0.004246772212062094
logit,binary,logit_binary,win_14,1,mom21_diff,-0.05141441921616126
logit,binary,logit_binary,win_14,1,mom63_diff,-0.029756621111780714
logit,binary,logit_binary,win_14,1,ma_gap20_diff,-0.0016317851814844394
logit,binary,logit_binary,win_14,1,rsi14_diff,0.06015641447618079
logit,binary,logit_binary,win_14,1,rv21_diff,-0.0342358667994866
logit,binary,logit_binary,win_14,1,vol_shock20_diff,0.0910887723691172
logit,binary,logit_binary,win_15,1,op_margin_diff,-0.013830980996682115
logit,binary,logit_binary,win_15,1,net_margin_diff,0.01604432470644761
logit,binary,logit_binary,win_15,1,leverage_diff,0.0120290168747717
logit,binary,logit_binary,win_15,1,cash_ratio_diff,0.0008189928968019384
logit,binary,logit_binary,win_15,1,rnd_intensity_diff,-0.03665075115985605
logit,binary,logit_binary,win_15,1,capex_intensity_diff,-0.0036106682909078517
logit,binary,logit_binary,win_15,1,asset_turnover_diff,0.002789825623464906
logit,binary,logit_binary,win_15,1,log_mcap_diff,0.0119835202590644
logit,binary,logit_binary,win_15,1,mom5_diff,-0.011774500501851581
logit,binary,logit_binary,win_15,1,mom21_diff,-0.044388732547439434
logit,binary,logit_binary,win_15,1,mom63_diff,-0.038339600006832716
logit,binary,logit_binary,win_15,1,ma_gap20_diff,-0.00032034611623666537
logit,binary,logit_binary,win_15,1,rsi14_diff,0.06494993063064548
logit,binary,logit_binary,win_15,1,rv21_diff,-0.046618056409176094
logit,binary,logit_binary,win_15,1,vol_shock20_diff,0.06968895449611306
logit,binary,logit_binary,win_16,1,op_margin_diff,-0.15007742596842574
logit,binary,logit_binary,win_16,1,net_margin_diff,0.06377872486126034
logit,binary,logit_binary,win_16,1,leverage_diff,-0.008091641743299228
logit,binary,logit_binary,win_16,1,cash_ratio_diff,-0.03282222986043763
logit,binary,logit_binary,win_16,1,rnd_intensity_diff,-0.13041442383955873
logit,binary,logit_binary,win_16,1,capex_intensity_diff,0.024205827223680622
logit,binary,logit_binary,win_16,1,asset_turnover_diff,0.04577773711531555
logit,binary,logit_binary,win_16,1,log_mcap_diff,0.01955328476306272
logit,binary,logit_binary,win_16,1,mom5_diff,0.0006191989011875338
logit,binary,logit_binary,win_16,1,mom21_diff,-0.05532034159990658
logit,binary,logit_binary,win_16,1,mom63_diff,-0.02673975788558335
logit,binary,logit_binary,win_16,1,ma_gap20_diff,-0.09959414805895402
logit,binary,logit_binary,win_16,1,rsi14_diff,0.15147506050074938
logit,binary,logit_binary,win_16,1,rv21_diff,-0.0653361858975925
logit,binary,logit_binary,win_16,1,vol_shock20_diff,0.07554913552647527
logit,binary,logit_binary,win_17,1,op_margin_diff,-0.2569749310858968
logit,binary,logit_binary,win_17,1,net_margin_diff,0.17745516131680295
logit,binary,logit_binary,win_17,1,leverage_diff,0.002828483631424292
logit,binary,logit_binary,win_17,1,cash_ratio_diff,-0.06602055715313271
logit,binary,logit_binary,win_17,1,rnd_intensity_diff,-0.1466868638987462
logit,binary,logit_binary,win_17,1,capex_intensity_diff,0.03436223566720823
logit,binary,logit_binary,win_17,1,asset_turnover_diff,0.08424936123133445
logit,binary,logit_binary,win_17,1,log_mcap_diff,-0.028751011424747223
logit,binary,logit_binary,win_17,1,mom5_diff,-0.029673335059820723
logit,binary,logit_binary,win_17,1,mom21_diff,-0.009264878180357362
logit,binary,logit_binary,win_17,1,mom63_diff,-0.04991284206471252
logit,binary,logit_binary,win_17,1,ma_gap20_diff,-0.11396143262311623
logit,binary,logit_binary,win_17,1,rsi14_diff,0.154909325964839
logit,binary,logit_binary,win_17,1,rv21_diff,-0.047341273064285934
logit,binary,logit_binary,win_17,1,vol_shock20_diff,0.06900234669326659
logit,binary,logit_binary,win_18,1,op_margin_diff,-0.21781115998040979
logit,binary,logit_binary,win_18,1,net_margin_diff,0.16688082460657297
logit,binary,logit_binary,win_18,1,leverage_diff,-0.0017113506544879525
logit,binary,logit_binary,win_18,1,cash_ratio_diff,-0.010895947736502421
logit,binary,logit_binary,win_18,1,rnd_intensity_diff,-0.14867912438471154
logit,binary,logit_binary,win_18,1,capex_intensity_diff,0.023597757502543892
logit,binary,logit_binary,win_18,1,asset_turnover_diff,0.04338899079822803
logit,binary,logit_binary,win_18,1,log_mcap_diff,-0.01744790000939455
logit,binary,logit_binary,win_18,1,mom5_diff,-0.0654966044798362
logit,binary,logit_binary,win_18,1,mom21_diff,0.011926781375425726
logit,binary,logit_binary,win_18,1,mom63_diff,-0.061600706710924345
logit,binary,logit_binary,win_18,1,ma_gap20_diff,-0.01245614775727032
logit,binary,logit_binary,win_18,1,rsi14_diff,0.07838422779057574
logit,binary,logit_binary,win_18,1,rv21_diff,-0.039433110511369426
logit,binary,logit_binary,win_18,1,vol_shock20_diff,0.04273505360751966
logit,binary,logit_binary,win_19,1,op_margin_diff,-0.27889032929634944
logit,binary,logit_binary,win_19,1,net_margin_diff,0.17714039995330594
logit,binary,logit_binary,win_19,1,leverage_diff,-0.009549237551690968
logit,binary,logit_binary,win_19,1,cash_ratio_diff,-0.010817248672777263
logit,binary,logit_binary,win_19,1,rnd_intensity_diff,-0.12611240399608764
logit,binary,logit_binary,win_19,1,capex_intensity_diff,0.015770052852602627
logit,binary,logit_binary,win_19,1,asset_turnover_diff,0.1292489863594117
logit,binary,logit_binary,win_19,1,log_mcap_diff,-0.03573672176039633
logit,binary,logit_binary,win_19,1,mom5_diff,-0.0666213214469615
logit,binary,logit_binary,win_19,1,mom21_diff,-0.008212045734431734
logit,binary,logit_binary,win_19,1,mom63_diff,-0.06391636508578276
logit,binary,logit_binary,win_19,1,ma_gap20_diff,0.0004921320818032243
logit,binary,logit_binary,win_19,1,rsi14_diff,0.10228101136614304
logit,binary,logit_binary,win_19,1,rv21_diff,-0.03963290977415349
logit,binary,logit_binary,win_19,1,vol_shock20_diff,0.048396649635048125
logit,binary,logit_binary,win_20,1,op_margin_diff,-0.18264560420571463
logit,binary,logit_binary,win_20,1,net_margin_diff,0.1331047713729273
logit,binary,logit_binary,win_20,1,leverage_diff,-0.08104196530702501
logit,binary,logit_binary,win_20,1,cash_ratio_diff,-0.0014032407152336644
logit,binary,logit_binary,win_20,1,rnd_intensity_diff,-0.14200799432395633
logit,binary,logit_binary,win_20,1,capex_intensity_diff,0.035476367899779794
logit,binary,logit_binary,win_20,1,asset_turnover_diff,0.08238524497021925
logit,binary,logit_binary,win_20,1,log_mcap_diff,-0.08251133640437418
logit,binary,logit_binary,win_20,1,mom5_diff,-0.04857444894094884
logit,binary,logit_binary,win_20,1,mom21_diff,-0.061518827199627216
logit,binary,logit_binary,win_20,1,mom63_diff,-0.00280970706022202
logit,binary,logit_binary,win_20,1,ma_gap20_diff,0.005685278396874861
logit,binary,logit_binary,win_20,1,rsi14_diff,0.0672704142003677
logit,binary,logit_binary,win_20,1,rv21_diff,0.020002874555672946
logit,binary,logit_binary,win_20,1,vol_shock20_diff,0.07903979207046458
logit,binary,logit_binary,win_21,1,op_margin_diff,-0.47159968607492225
logit,binary,logit_binary,win_21,1,net_margin_diff,0.19469953944823715
logit,binary,logit_binary,win_21,1,leverage_diff,-0.13644210841613313
logit,binary,logit_binary,win_21,1,cash_ratio_diff,0.1264027019128839
logit,binary,logit_binary,win_21,1,rnd_intensity_diff,-0.2582194059859343
logit,binary,logit_binary,win_21,1,capex_intensity_diff,0.055432476822564934
logit,binary,logit_binary,win_21,1,asset_turnover_diff,0.181061456956497
logit,binary,logit_binary,win_21,1,log_mcap_diff,-0.13423832314292355
logit,binary,logit_binary,win_21,1,mom5_diff,-0.002502427885047004
logit,binary,logit_binary,win_21,1,mom21_diff,-0.02600661526639136
logit,binary,logit_binary,win_21,1,mom63_diff,-0.02560597075974353
logit,binary,logit_binary,win_21,1,ma_gap20_diff,-0.03956722887500021
logit,binary,logit_binary,win_21,1,rsi14_diff,0.07142737585452956
logit,binary,logit_binary,win_21,1,rv21_diff,0.0024042931252301575
logit,binary,logit_binary,win_21,1,vol_shock20_diff,0.0719927298311622
logit,binary,logit_binary,win_22,1,op_margin_diff,-0.17729059347725587
logit,binary,logit_binary,win_22,1,net_margin_diff,0.18229011558778493
logit,binary,logit_binary,win_22,1,leverage_diff,-0.03938129002777809
logit,binary,logit_binary,win_22,1,cash_ratio_diff,0.023172046838463717
logit,binary,logit_binary,win_22,1,rnd_intensity_diff,-0.15247557486281763
logit,binary,logit_binary,win_22,1,capex_intensity_diff,0.01587955968403643
logit,binary,logit_binary,win_22,1,asset_turnover_diff,-0.0016337141635315118
logit,binary,logit_binary,win_22,1,log_mcap_diff,-0.04883128587997062
logit,binary,logit_binary,win_22,1,mom5_diff,-0.0263574765532879
logit,binary,logit_binary,win_22,1,mom21_diff,-0.006874676085235626
logit,binary,logit_binary,win_22,1,mom63_diff,-0.034899843865790474
logit,binary,logit_binary,win_22,1,ma_gap20_diff,-0.0054398777358198045
logit,binary,logit_binary,win_22,1,rsi14_diff,0.07200810175391309
logit,binary,logit_binary,win_22,1,rv21_diff,-0.0022194287075782073
logit,binary,logit_binary,win_22,1,vol_shock20_diff,0.05969960431237341
logit,binary,logit_binary,win_23,1,op_margin_diff,-0.31391902793868237
logit,binary,logit_binary,win_23,1,net_margin_diff,0.2779033998397361
logit,binary,logit_binary,win_23,1,leverage_diff,-0.05956111823056802
logit,binary,logit_binary,win_23,1,cash_ratio_diff,0.09294232678992341
logit,binary,logit_binary,win_23,1,rnd_intensity_diff,-0.2108647211459954
logit,binary,logit_binary,win_23,1,capex_intensity_diff,0.003937791083171766
logit,binary,logit_binary,win_23,1,asset_turnover_diff,-0.02215090155978484
logit,binary,logit_binary,win_23,1,log_mcap_diff,-0.16902697665995758
logit,binary,logit_binary,win_23,1,mom5_diff,-0.036106162954146016
logit,binary,logit_binary,win_23,1,mom21_diff,0.008338890940871844
logit,binary,logit_binary,win_23,1,mom63_diff,0.0009887445703029814
logit,binary,logit_binary,win_23,1,ma_gap20_diff,-0.010463515805928053
logit,binary,logit_binary,win_23,1,rsi14_diff,0.054334477555060136
logit,binary,logit_binary,win_23,1,rv21_diff,-0.020402735009348062
logit,binary,logit_binary,win_23,1,vol_shock20_diff,0.04023980727558659
logit,binary,logit_binary,win_24,1,op_margin_diff,0.016377344368613937
logit,binary,logit_binary,win_24,1,net_margin_diff,0.05401409690765375
logit,binary,logit_binary,win_24,1,leverage_diff,-0.020642526009251747
logit,binary,logit_binary,win_24,1,cash_ratio_diff,-0.0027220230133820755
logit,binary,logit_binary,win_24,1,rnd_intensity_diff,-0.05225928980742294
logit,binary,logit_binary,win_24,1,capex_intensity_diff,-0.007133595417663529
logit,binary,logit_binary,win_24,1,asset_turnover_diff,-0.009964234998133375
logit,binary,logit_binary,win_24,1,log_mcap_diff,-0.054894105022972366
logit,binary,logit_binary,win_24,1,mom5_diff,-0.014116318694265337
logit,binary,logit_binary,win_24,1,mom21_diff,-0.0002969763057294611
logit,binary,logit_binary,win_24,1,mom63_diff,0.019828529479255272
logit,binary,logit_binary,win_24,1,ma_gap20_diff,-0.008885006540360748
logit,binary,logit_binary,win_24,1,rsi14_diff,0.04235824346071203
logit,binary,logit_binary,win_24,1,rv21_diff,-0.012500420722330263
logit,binary,logit_binary,win_24,1,vol_shock20_diff,0.04866506324510742
logit,binary,logit_binary,win_25,1,op_margin_diff,0.017183610793987187
logit,binary,logit_binary,win_25,1,net_margin_diff,0.052991866862453614
logit,binary,logit_binary,win_25,1,leverage_diff,-0.01917037636302086
logit,binary,logit_binary,win_25,1,cash_ratio_diff,0.0006272583849109921
logit,binary,logit_binary,win_25,1,rnd_intensity_diff,-0.055129308369465155
logit,binary,logit_binary,win_25,1,capex_intensity_diff,-0.007682077753436012
logit,binary,logit_binary,win_25,1,asset_turnover_diff,-0.015284069598248571
logit,binary,logit_binary,win_25,1,log_mcap_diff,-0.054062561445384925
logit,binary,logit_binary,win_25,1,mom5_diff,-0.009538550702500242
logit,binary,logit_binary,win_25,1,mom21_diff,0.005073963535880166
logit,binary,logit_binary,win_25,1,mom63_diff,0.013674093740617897
logit,binary,logit_binary,win_25,1,ma_gap20_diff,-0.009874265130376909
logit,binary,logit_binary,win_25,1,rsi14_diff,0.0430417526985687
logit,binary,logit_binary,win_25,1,rv21_diff,-0.018620202917815236
logit,binary,logit_binary,win_25,1,vol_shock20_diff,0.05730036004359281
logit,binary,logit_binary,win_26,1,op_margin_diff,-0.16781453342625463
logit,binary,logit_binary,win_26,1,net_margin_diff,0.24346547376493327
logit,binary,logit_binary,win_26,1,leverage_diff,-0.09062120085655752
logit,binary,logit_binary,win_26,1,cash_ratio_diff,0.14422259848591115
logit,binary,logit_binary,win_26,1,rnd_intensity_diff,-0.20170549670916688
logit,binary,logit_binary,win_26,1,capex_intensity_diff,-7.713032925261355e-05
logit,binary,logit_binary,win_26,1,asset_turnover_diff,-0.1496442185811781
logit,binary,logit_binary,win_26,1,log_mcap_diff,-0.2493076036132996
logit,binary,logit_binary,win_26,1,mom5_diff,0.025021506817810745
logit,binary,logit_binary,win_26,1,mom21_diff,0.09157938398956511
logit,binary,logit_binary,win_26,1,mom63_diff,0.010007387511830185
logit,binary,logit_binary,win_26,1,ma_gap20_diff,-0.15014857735858303
logit,binary,logit_binary,win_26,1,rsi14_diff,0.08598106641085936
logit,binary,logit_binary,win_26,1,rv21_diff,-0.015783449764010138
logit,binary,logit_binary,win_26,1,vol_shock20_diff,0.06153875163781515
logit,binary,logit_binary,win_27,1,op_margin_diff,0.0023898970927546575
logit,binary,logit_binary,win_27,1,net_margin_diff,0.07427922874793196
logit,binary,logit_binary,win_27,1,leverage_diff,-0.024180393161860797
logit,binary,logit_binary,win_27,1,cash_ratio_diff,0.004710408681486125
logit,binary,logit_binary,win_27,1,rnd_intensity_diff,-0.05339817551489914
logit,binary,logit_binary,win_27,1,capex_intensity_diff,0.018694670740004776
logit,binary,logit_binary,win_27,1,asset_turnover_diff,0.0015159209212651243
logit,binary,logit_binary,win_27,1,log_mcap_diff,-0.05758207616961259
logit,binary,logit_binary,win_27,1,mom5_diff,-0.0016249957201015255
logit,binary,logit_binary,win_27,1,mom21_diff,0.02272720960532813
logit,binary,logit_binary,win_27,1,mom63_diff,0.008720758096975787
logit,binary,logit_binary,win_27,1,ma_gap20_diff,-0.013938034172546623
logit,binary,logit_binary,win_27,1,rsi14_diff,0.04133311503444399
logit,binary,logit_binary,win_27,1,rv21_diff,-0.0024081175717212983
logit,binary,logit_binary,win_27,1,vol_shock20_diff,0.04733845286516057
logit,binary,logit_binary,win_28,1,op_margin_diff,0.023943233641348375
logit,binary,logit_binary,win_28,1,net_margin_diff,0.06695306919868078
logit,binary,logit_binary,win_28,1,leverage_diff,-0.024784675483423887
logit,binary,logit_binary,win_28,1,cash_ratio_diff,0.01573370196643194
logit,binary,logit_binary,win_28,1,rnd_intensity_diff,-0.06995922140351109
logit,binary,logit_binary,win_28,1,capex_intensity_diff,0.030248469650967544
logit,binary,logit_binary,win_28,1,asset_turnover_diff,-0.005154566088141899
logit,binary,logit_binary,win_28,1,log_mcap_diff,-0.06127145907754463
logit,binary,logit_binary,win_28,1,mom5_diff,-0.014504794302371423
logit,binary,logit_binary,win_28,1,mom21_diff,0.03891806306500742
logit,binary,logit_binary,win_28,1,mom63_diff,0.008660574175233247
logit,binary,logit_binary,win_28,1,ma_gap20_diff,-0.008917388122956242
logit,binary,logit_binary,win_28,1,rsi14_diff,0.03524783754850922
logit,binary,logit_binary,win_28,1,rv21_diff,-0.009863524017724381
logit,binary,logit_binary,win_28,1,vol_shock20_diff,0.030082683804951122
logit,binary,logit_binary,win_29,1,op_margin_diff,-0.4536553482247502
logit,binary,logit_binary,win_29,1,net_margin_diff,0.25052342825959273
logit,binary,logit_binary,win_29,1,leverage_diff,-0.009516657662134593
logit,binary,logit_binary,win_29,1,cash_ratio_diff,0.4133223651933753
logit,binary,logit_binary,win_29,1,rnd_intensity_diff,-0.2494768605897323
logit,binary,logit_binary,win_29,1,capex_intensity_diff,0.023455047699078756
logit,binary,logit_binary,win_29,1,asset_turnover_diff,-0.007255974339762735
logit,binary,logit_binary,win_29,1,log_mcap_diff,-0.4251592665086977
logit,binary,logit_binary,win_29,1,mom5_diff,-0.004497705831500243
logit,binary,logit_binary,win_29,1,mom21_diff,0.13369235561387477
logit,binary,logit_binary,win_29,1,mom63_diff,0.056483438210494535
logit,binary,logit_binary,win_29,1,ma_gap20_diff,-0.059671452387411505
logit,binary,logit_binary,win_29,1,rsi14_diff,0.03170656842597213
logit,binary,logit_binary,win_29,1,rv21_diff,-0.05191285321152661
logit,binary,logit_binary,win_29,1,vol_shock20_diff,0.02341881667974336
logit,binary,logit_binary,win_30,1,op_margin_diff,-0.0166386243192266
logit,binary,logit_binary,win_30,1,net_margin_diff,0.044233195897367475
logit,binary,logit_binary,win_30,1,leverage_diff,-0.007205820904874824
logit,binary,logit_binary,win_30,1,cash_ratio_diff,0.029045036238959012
logit,binary,logit_binary,win_30,1,rnd_intensity_diff,-0.0434416756225951
logit,binary,logit_binary,win_30,1,capex_intensity_diff,-0.005587274472007712
logit,binary,logit_binary,win_30,1,asset_turnover_diff,0.019657735941993625
logit,binary,logit_binary,win_30,1,log_mcap_diff,-0.07346076601938517
logit,binary,logit_binary,win_30,1,mom5_diff,-0.013326649036087046
logit,binary,logit_binary,win_30,1,mom21_diff,0.05667325461114788
logit,binary,logit_binary,win_30,1,mom63_diff,0.01458113876793624
logit,binary,logit_binary,win_30,1,ma_gap20_diff,0.0032587125799892584
logit,binary,logit_binary,win_30,1,rsi14_diff,0.03618080749115135
logit,binary,logit_binary,win_30,1,rv21_diff,-0.012066806089496635
logit,binary,logit_binary,win_30,1,vol_shock20_diff,0.029880153649321225
logit,binary,logit_binary,win_31,1,op_margin_diff,-0.2095357510557679
logit,binary,logit_binary,win_31,1,net_margin_diff,0.16187918538851306
logit,binary,logit_binary,win_31,1,leverage_diff,-0.0057303151320569
logit,binary,logit_binary,win_31,1,cash_ratio_diff,0.22227774205612305
logit,binary,logit_binary,win_31,1,rnd_intensity_diff,-0.11799568808395859
logit,binary,logit_binary,win_31,1,capex_intensity_diff,0.001067959172197438
logit,binary,logit_binary,win_31,1,asset_turnover_diff,-0.015065114903290574
logit,binary,logit_binary,win_31,1,log_mcap_diff,-0.25307818368008356
logit,binary,logit_binary,win_31,1,mom5_diff,-0.0021063103120843698
logit,binary,logit_binary,win_31,1,mom21_diff,0.14308014217966863
logit,binary,logit_binary,win_31,1,mom63_diff,0.02233048766230876
logit,binary,logit_binary,win_31,1,ma_gap20_diff,-0.11750354028384899
logit,binary,logit_binary,win_31,1,rsi14_diff,0.07632714287670718
logit,binary,logit_binary,win_31,1,rv21_diff,-0.0577599280660654
logit,binary,logit_binary,win_31,1,vol_shock20_diff,0.04577998672270892
logit,binary,logit_binary,win_32,1,op_margin_diff,-0.27691956886046104
logit,binary,logit_binary,win_32,1,net_margin_diff,0.24268040727717086
logit,binary,logit_binary,win_32,1,leverage_diff,0.09439301709930031
logit,binary,logit_binary,win_32,1,cash_ratio_diff,0.39098756036369514
logit,binary,logit_binary,win_32,1,rnd_intensity_diff,-0.09119265430123062
logit,binary,logit_binary,win_32,1,capex_intensity_diff,-0.007821113172639126
logit,binary,logit_binary,win_32,1,asset_turnover_diff,0.02040627203580958
logit,binary,logit_binary,win_32,1,log_mcap_diff,-0.3587468694551074
logit,binary,logit_binary,win_32,1,mom5_diff,0.016292537812411908
logit,binary,logit_binary,win_32,1,mom21_diff,0.1532249371454129
logit,binary,logit_binary,win_32,1,mom63_diff,0.03929037709097109
logit,binary,logit_binary,win_32,1,ma_gap20_diff,-0.17060527632461564
logit,binary,logit_binary,win_32,1,rsi14_diff,0.09636696192143558
logit,binary,logit_binary,win_32,1,rv21_diff,-0.07023951766005054
logit,binary,logit_binary,win_32,1,vol_shock20_diff,0.039106427323497374
logit,binary,logit_binary,win_33,1,op_margin_diff,-0.04281871786059245
logit,binary,logit_binary,win_33,1,net_margin_diff,0.040751044840115234
logit,binary,logit_binary,win_33,1,leverage_diff,-0.02809498868686886
logit,binary,logit_binary,win_33,1,cash_ratio_diff,0.02814719479072616
logit,binary,logit_binary,win_33,1,rnd_intensity_diff,-0.020468474213110092
logit,binary,logit_binary,win_33,1,capex_intensity_diff,-0.003458154920185534
logit,binary,logit_binary,win_33,1,asset_turnover_diff,-0.024798064640226783
logit,binary,logit_binary,win_33,1,log_mcap_diff,-0.08662467586639838
logit,binary,logit_binary,win_33,1,mom5_diff,-0.03406909070275439
logit,binary,logit_binary,win_33,1,mom21_diff,0.06959432677329853
logit,binary,logit_binary,win_33,1,mom63_diff,-0.0026407246489910784
logit,binary,logit_binary,win_33,1,ma_gap20_diff,-0.019361038017570092
logit,binary,logit_binary,win_33,1,rsi14_diff,0.033282840915193165
logit,binary,logit_binary,win_33,1,rv21_diff,-0.014096326717959542
logit,binary,logit_binary,win_33,1,vol_shock20_diff,0.023259487985212653
logit,binary,logit_binary,win_34,1,op_margin_diff,-0.02081384428094246
logit,binary,logit_binary,win_34,1,net_margin_diff,0.03907866785026452
logit,binary,logit_binary,win_34,1,leverage_diff,-0.0036324611915228263
logit,binary,logit_binary,win_34,1,cash_ratio_diff,0.013753047032747504
logit,binary,logit_binary,win_34,1,rnd_intensity_diff,-0.026405925680194516
logit,binary,logit_binary,win_34,1,capex_intensity_diff,-0.02020933685190116
logit,binary,logit_binary,win_34,1,asset_turnover_diff,0.024817471446287494
logit,binary,logit_binary,win_34,1,log_mcap_diff,-0.07400639524902182
logit,binary,logit_binary,win_34,1,mom5_diff,-0.0413626971172373
logit,binary,logit_binary,win_34,1,mom21_diff,0.07383456036091257
logit,binary,logit_binary,win_34,1,mom63_diff,0.01734484717724802
logit,binary,logit_binary,win_34,1,ma_gap20_diff,-0.0028801080948848926
logit,binary,logit_binary,win_34,1,rsi14_diff,0.0637314253510322
logit,binary,logit_binary,win_34,1,rv21_diff,-0.025469966089875458
logit,binary,logit_binary,win_34,1,vol_shock20_diff,0.015503388242647392
logit,binary,logit_binary,win_35,1,op_margin_diff,-0.13828237811853045
logit,binary,logit_binary,win_35,1,net_margin_diff,0.09041409654598558
logit,binary,logit_binary,win_35,1,leverage_diff,0.09849812937913406
logit,binary,logit_binary,win_35,1,cash_ratio_diff,0.24858092544194296
logit,binary,logit_binary,win_35,1,rnd_intensity_diff,-0.045764021195698085
logit,binary,logit_binary,win_35,1,capex_intensity_diff,-0.03685138819261678
logit,binary,logit_binary,win_35,1,asset_turnover_diff,0.13155502254889845
logit,binary,logit_binary,win_35,1,log_mcap_diff,-0.2556536202677101
logit,binary,logit_binary,win_35,1,mom5_diff,-0.04377171189362067
logit,binary,logit_binary,win_35,1,mom21_diff,0.1327973398842945
logit,binary,logit_binary,win_35,1,mom63_diff,0.08630171650576902
logit,binary,logit_binary,win_35,1,ma_gap20_diff,-0.12555477387795252
logit,binary,logit_binary,win_35,1,rsi14_diff,0.15651567959566706
logit,binary,logit_binary,win_35,1,rv21_diff,-0.06382004430809454
logit,binary,logit_binary,win_35,1,vol_shock20_diff,0.022207709422327346
logit,binary,logit_binary,win_36,1,op_margin_diff,-0.06265783534706951
logit,binary,logit_binary,win_36,1,net_margin_diff,0.06714953718315457
logit,binary,logit_binary,win_36,1,leverage_diff,0.06601100195167395
logit,binary,logit_binary,win_36,1,cash_ratio_diff,0.13466840492481874
logit,binary,logit_binary,win_36,1,rnd_intensity_diff,-0.03196194316749296
logit,binary,logit_binary,win_36,1,capex_intensity_diff,-0.013770143474534315
logit,binary,logit_binary,win_36,1,asset_turnover_diff,0.09310524356974195
logit,binary,logit_binary,win_36,1,log_mcap_diff,-0.18944604882661506
logit,binary,logit_binary,win_36,1,mom5_diff,-0.09088709051201861
logit,binary,logit_binary,win_36,1,mom21_diff,0.0817322591794974
logit,binary,logit_binary,win_36,1,mom63_diff,0.05432637569518027
logit,binary,logit_binary,win_36,1,ma_gap20_diff,-0.02341542902343707
logit,binary,logit_binary,win_36,1,rsi14_diff,0.12886952575694458
logit,binary,logit_binary,win_36,1,rv21_diff,-0.06023943161854817
logit,binary,logit_binary,win_36,1,vol_shock20_diff,0.019381501559431996
logit,binary,logit_binary,win_37,1,op_margin_diff,-0.10358568267646746
logit,binary,logit_binary,win_37,1,net_margin_diff,0.084581093589347
logit,binary,logit_binary,win_37,1,leverage_diff,0.0653723175631942
logit,binary,logit_binary,win_37,1,cash_ratio_diff,0.05319321323597722
logit,binary,logit_binary,win_37,1,rnd_intensity_diff,-0.07252950193192174
logit,binary,logit_binary,win_37,1,capex_intensity_diff,-0.00010629636684874657
logit,binary,logit_binary,win_37,1,asset_turnover_diff,0.09147753776750141
logit,binary,logit_binary,win_37,1,log_mcap_diff,-0.12201249674918346
logit,binary,logit_binary,win_37,1,mom5_diff,-0.05742148448277762
logit,binary,logit_binary,win_37,1,mom21_diff,0.03064546377280276
logit,binary,logit_binary,win_37,1,mom63_diff,0.03053708172386448
logit,binary,logit_binary,win_37,1,ma_gap20_diff,-0.013126691605338078
logit,binary,logit_binary,win_37,1,rsi14_diff,0.165975935184799
logit,binary,logit_binary,win_37,1,rv21_diff,-0.05788768078275559
logit,binary,logit_binary,win_37,1,vol_shock20_diff,0.014937007813688272
logit,binary,logit_binary,win_38,1,op_margin_diff,0.00386172335375477
logit,binary,logit_binary,win_38,1,net_margin_diff,0.025589571464303615
logit,binary,logit_binary,win_38,1,leverage_diff,0.010690897131404102
logit,binary,logit_binary,win_38,1,cash_ratio_diff,-0.007202365239886053
logit,binary,logit_binary,win_38,1,rnd_intensity_diff,-0.02715772435375672
logit,binary,logit_binary,win_38,1,capex_intensity_diff,-0.005271615682845758
logit,binary,logit_binary,win_38,1,asset_turnover_diff,0.03601723803985663
logit,binary,logit_binary,win_38,1,log_mcap_diff,-0.06092301519600893
logit,binary,logit_binary,win_38,1,mom5_diff,-0.01521736287635667
logit,binary,logit_binary,win_38,1,mom21_diff,0.017079912263126194
logit,binary,logit_binary,win_38,1,mom63_diff,0.0003451285841277481
logit,binary,logit_binary,win_38,1,ma_gap20_diff,0.012985365615930342
logit,binary,logit_binary,win_38,1,rsi14_diff,0.11069187335711768
logit,binary,logit_binary,win_38,1,rv21_diff,-0.020947023843687296
logit,binary,logit_binary,win_38,1,vol_shock20_diff,0.020808654819511427
logit,binary,logit_binary,win_39,1,op_margin_diff,-0.1396024484376295
logit,binary,logit_binary,win_39,1,net_margin_diff,0.06300086130028296
logit,binary,logit_binary,win_39,1,leverage_diff,0.09119582658364851
logit,binary,logit_binary,win_39,1,cash_ratio_diff,0.016135976532762372
logit,binary,logit_binary,win_39,1,rnd_intensity_diff,-0.09242529713161192
logit,binary,logit_binary,win_39,1,capex_intensity_diff,0.011820025795183054
logit,binary,logit_binary,win_39,1,asset_turnover_diff,0.17793174377235924
logit,binary,logit_binary,win_39,1,log_mcap_diff,-0.11832841416497858
logit,binary,logit_binary,win_39,1,mom5_diff,0.001974819174341283
logit,binary,logit_binary,win_39,1,mom21_diff,0.05257714025892734
logit,binary,logit_binary,win_39,1,mom63_diff,0.017357291822432157
logit,binary,logit_binary,win_39,1,ma_gap20_diff,-0.14618319032441018
logit,binary,logit_binary,win_39,1,rsi14_diff,0.2008418983120108
logit,binary,logit_binary,win_39,1,rv21_diff,-0.027577685029161348
logit,binary,logit_binary,win_39,1,vol_shock20_diff,0.05796361223508815
logit,binary,logit_binary,win_40,1,op_margin_diff,-0.12016617675281262
logit,binary,logit_binary,win_40,1,net_margin_diff,0.06762632086803004
logit,binary,logit_binary,win_40,1,leverage_diff,0.14253051838487926
logit,binary,logit_binary,win_40,1,cash_ratio_diff,0.001742048529396655
logit,binary,logit_binary,win_40,1,rnd_intensity_diff,-0.07915158048690504
logit,binary,logit_binary,win_40,1,capex_intensity_diff,-0.011780227887547514
logit,binary,logit_binary,win_40,1,asset_turnover_diff,0.22385744512693914
logit,binary,logit_binary,win_40,1,log_mcap_diff,-0.16455110217978602
logit,binary,logit_binary,win_40,1,mom5_diff,-0.014205763386897104
logit,binary,logit_binary,win_40,1,mom21_diff,0.0803967075271141
logit,binary,logit_binary,win_40,1,mom63_diff,-0.026377516511457894
logit,binary,logit_binary,win_40,1,ma_gap20_diff,-0.14462457714436794
logit,binary,logit_binary,win_40,1,rsi14_diff,0.18414076902200907
logit,binary,logit_binary,win_40,1,rv21_diff,-0.040265759434144885
logit,binary,logit_binary,win_40,1,vol_shock20_diff,0.06620716914345728
