model_name,class_type,model_id,window_id,split,actual_label,pred_0,pred_1,pred_-1
logit,binary,logit_binary,win_01,train,actual_0,384,267,
logit,binary,logit_binary,win_01,train,actual_1,315,292,
logit,binary,logit_binary,win_01,val,actual_0,18,9,
logit,binary,logit_binary,win_01,val,actual_1,20,16,
logit,binary,logit_binary,win_01,test,actual_0,7,23,
logit,binary,logit_binary,win_01,test,actual_1,9,22,
logit,binary,logit_binary,win_02,train,actual_0,374,272,
logit,binary,logit_binary,win_02,train,actual_1,310,302,
logit,binary,logit_binary,win_02,val,actual_0,7,23,
logit,binary,logit_binary,win_02,val,actual_1,3,28,
logit,binary,logit_binary,win_02,test,actual_0,16,14,
logit,binary,logit_binary,win_02,test,actual_1,14,21,
logit,binary,logit_binary,win_03,train,actual_0,379,267,
logit,binary,logit_binary,win_03,train,actual_1,311,300,
logit,binary,logit_binary,win_03,val,actual_0,17,13,
logit,binary,logit_binary,win_03,val,actual_1,16,19,
logit,binary,logit_binary,win_03,test,actual_0,21,8,
logit,binary,logit_binary,win_03,test,actual_1,26,9,
logit,binary,logit_binary,win_04,train,actual_0,375,269,
logit,binary,logit_binary,win_04,train,actual_1,315,299,
logit,binary,logit_binary,win_04,val,actual_0,5,24,
logit,binary,logit_binary,win_04,val,actual_1,2,33,
logit,binary,logit_binary,win_04,test,actual_0,21,7,
logit,binary,logit_binary,win_04,test,actual_1,21,14,
logit,binary,logit_binary,win_05,train,actual_0,335,303,
logit,binary,logit_binary,win_05,train,actual_1,268,352,
logit,binary,logit_binary,win_05,val,actual_0,12,16,
logit,binary,logit_binary,win_05,val,actual_1,7,28,
logit,binary,logit_binary,win_05,test,actual_0,0,33,
logit,binary,logit_binary,win_05,test,actual_1,0,28,
logit,binary,logit_binary,win_06,train,actual_0,316,315,
logit,binary,logit_binary,win_06,train,actual_1,258,369,
logit,binary,logit_binary,win_06,val,actual_0,1,32,
logit,binary,logit_binary,win_06,val,actual_1,1,27,
logit,binary,logit_binary,win_06,test,actual_0,11,22,
logit,binary,logit_binary,win_06,test,actual_1,11,20,
logit,binary,logit_binary,win_07,train,actual_0,275,357,
logit,binary,logit_binary,win_07,train,actual_1,221,404,
logit,binary,logit_binary,win_07,val,actual_0,15,18,
logit,binary,logit_binary,win_07,val,actual_1,14,17,
logit,binary,logit_binary,win_07,test,actual_0,9,19,
logit,binary,logit_binary,win_07,test,actual_1,13,23,
logit,binary,logit_binary,win_08,train,actual_0,278,357,
logit,binary,logit_binary,win_08,train,actual_1,217,405,
logit,binary,logit_binary,win_08,val,actual_0,5,23,
logit,binary,logit_binary,win_08,val,actual_1,5,31,
logit,binary,logit_binary,win_08,test,actual_0,12,18,
logit,binary,logit_binary,win_08,test,actual_1,15,18,
logit,binary,logit_binary,win_09,train,actual_0,257,372,
logit,binary,logit_binary,win_09,train,actual_1,203,425,
logit,binary,logit_binary,win_09,val,actual_0,9,21,
logit,binary,logit_binary,win_09,val,actual_1,7,26,
logit,binary,logit_binary,win_09,test,actual_0,16,10,
logit,binary,logit_binary,win_09,test,actual_1,25,10,
logit,binary,logit_binary,win_10,train,actual_0,204,421,
logit,binary,logit_binary,win_10,train,actual_1,156,478,
logit,binary,logit_binary,win_10,val,actual_0,3,23,
logit,binary,logit_binary,win_10,val,actual_1,2,33,
logit,binary,logit_binary,win_10,test,actual_0,3,30,
logit,binary,logit_binary,win_10,test,actual_1,4,27,
logit,binary,logit_binary,win_11,train,actual_0,191,425,
logit,binary,logit_binary,win_11,train,actual_1,159,484,
logit,binary,logit_binary,win_11,val,actual_0,14,19,
logit,binary,logit_binary,win_11,val,actual_1,13,18,
logit,binary,logit_binary,win_11,test,actual_0,10,12,
logit,binary,logit_binary,win_11,test,actual_1,11,31,
logit,binary,logit_binary,win_12,train,actual_0,184,427,
logit,binary,logit_binary,win_12,train,actual_1,156,492,
logit,binary,logit_binary,win_12,val,actual_0,4,18,
logit,binary,logit_binary,win_12,val,actual_1,3,39,
logit,binary,logit_binary,win_12,test,actual_0,18,14,
logit,binary,logit_binary,win_12,test,actual_1,18,12,
logit,binary,logit_binary,win_13,train,actual_0,166,429,
logit,binary,logit_binary,win_13,train,actual_1,154,510,
logit,binary,logit_binary,win_13,val,actual_0,9,23,
logit,binary,logit_binary,win_13,val,actual_1,11,19,
logit,binary,logit_binary,win_13,test,actual_0,17,11,
logit,binary,logit_binary,win_13,test,actual_1,20,13,
logit,binary,logit_binary,win_14,train,actual_0,130,471,
logit,binary,logit_binary,win_14,train,actual_1,113,544,
logit,binary,logit_binary,win_14,val,actual_0,17,11,
logit,binary,logit_binary,win_14,val,actual_1,13,20,
logit,binary,logit_binary,win_14,test,actual_0,24,8,
logit,binary,logit_binary,win_14,test,actual_1,22,10,
logit,binary,logit_binary,win_15,train,actual_0,97,501,
logit,binary,logit_binary,win_15,train,actual_1,94,566,
logit,binary,logit_binary,win_15,val,actual_0,16,16,
logit,binary,logit_binary,win_15,val,actual_1,20,12,
logit,binary,logit_binary,win_15,test,actual_0,15,19,
logit,binary,logit_binary,win_15,test,actual_1,17,13,
logit,binary,logit_binary,win_16,train,actual_0,152,445,
logit,binary,logit_binary,win_16,train,actual_1,140,521,
logit,binary,logit_binary,win_16,val,actual_0,26,8,
logit,binary,logit_binary,win_16,val,actual_1,24,6,
logit,binary,logit_binary,win_16,test,actual_0,13,22,
logit,binary,logit_binary,win_16,test,actual_1,10,18,
logit,binary,logit_binary,win_17,train,actual_0,190,408,
logit,binary,logit_binary,win_17,train,actual_1,172,489,
logit,binary,logit_binary,win_17,val,actual_0,19,16,
logit,binary,logit_binary,win_17,val,actual_1,15,13,
logit,binary,logit_binary,win_17,test,actual_0,6,24,
logit,binary,logit_binary,win_17,test,actual_1,10,22,
logit,binary,logit_binary,win_18,train,actual_0,207,402,
logit,binary,logit_binary,win_18,train,actual_1,197,453,
logit,binary,logit_binary,win_18,val,actual_0,6,24,
logit,binary,logit_binary,win_18,val,actual_1,7,25,
logit,binary,logit_binary,win_18,test,actual_0,21,12,
logit,binary,logit_binary,win_18,test,actual_1,16,14,
logit,binary,logit_binary,win_19,train,actual_0,214,395,
logit,binary,logit_binary,win_19,train,actual_1,210,440,
logit,binary,logit_binary,win_19,val,actual_0,22,11,
logit,binary,logit_binary,win_19,val,actual_1,18,12,
logit,binary,logit_binary,win_19,test,actual_0,1,34,
logit,binary,logit_binary,win_19,test,actual_1,1,27,
logit,binary,logit_binary,win_20,train,actual_0,221,384,
logit,binary,logit_binary,win_20,train,actual_1,189,465,
logit,binary,logit_binary,win_20,val,actual_0,29,6,
logit,binary,logit_binary,win_20,val,actual_1,20,8,
logit,binary,logit_binary,win_20,test,actual_0,22,15,
logit,binary,logit_binary,win_20,test,actual_1,17,9,
logit,binary,logit_binary,win_21,train,actual_0,232,376,
logit,binary,logit_binary,win_21,train,actual_1,201,450,
logit,binary,logit_binary,win_21,val,actual_0,37,0,
logit,binary,logit_binary,win_21,val,actual_1,26,0,
logit,binary,logit_binary,win_21,test,actual_0,30,0,
logit,binary,logit_binary,win_21,test,actual_1,31,1,
logit,binary,logit_binary,win_22,train,actual_0,279,339,
logit,binary,logit_binary,win_22,train,actual_1,242,399,
logit,binary,logit_binary,win_22,val,actual_0,13,17,
logit,binary,logit_binary,win_22,val,actual_1,15,17,
logit,binary,logit_binary,win_22,test,actual_0,15,13,
logit,binary,logit_binary,win_22,test,actual_1,26,9,
logit,binary,logit_binary,win_23,train,actual_0,254,364,
logit,binary,logit_binary,win_23,train,actual_1,216,426,
logit,binary,logit_binary,win_23,val,actual_0,5,23,
logit,binary,logit_binary,win_23,val,actual_1,12,23,
logit,binary,logit_binary,win_23,test,actual_0,15,13,
logit,binary,logit_binary,win_23,test,actual_1,15,21,
logit,binary,logit_binary,win_24,train,actual_0,258,358,
logit,binary,logit_binary,win_24,train,actual_1,220,422,
logit,binary,logit_binary,win_24,val,actual_0,9,19,
logit,binary,logit_binary,win_24,val,actual_1,6,30,
logit,binary,logit_binary,win_24,test,actual_0,19,12,
logit,binary,logit_binary,win_24,test,actual_1,16,16,
logit,binary,logit_binary,win_25,train,actual_0,269,346,
logit,binary,logit_binary,win_25,train,actual_1,227,416,
logit,binary,logit_binary,win_25,val,actual_0,18,13,
logit,binary,logit_binary,win_25,val,actual_1,12,20,
logit,binary,logit_binary,win_25,test,actual_0,11,20,
logit,binary,logit_binary,win_25,test,actual_1,19,12,
logit,binary,logit_binary,win_26,train,actual_0,263,355,
logit,binary,logit_binary,win_26,train,actual_1,220,420,
logit,binary,logit_binary,win_26,val,actual_0,18,13,
logit,binary,logit_binary,win_26,val,actual_1,17,14,
logit,binary,logit_binary,win_26,test,actual_0,17,21,
logit,binary,logit_binary,win_26,test,actual_1,9,16,
logit,binary,logit_binary,win_27,train,actual_0,323,293,
logit,binary,logit_binary,win_27,train,actual_1,265,378,
logit,binary,logit_binary,win_27,val,actual_0,37,1,
logit,binary,logit_binary,win_27,val,actual_1,25,0,
logit,binary,logit_binary,win_27,test,actual_0,37,0,
logit,binary,logit_binary,win_27,test,actual_1,27,0,
logit,binary,logit_binary,win_28,train,actual_0,358,263,
logit,binary,logit_binary,win_28,train,actual_1,302,335,
logit,binary,logit_binary,win_28,val,actual_0,37,0,
logit,binary,logit_binary,win_28,val,actual_1,27,0,
logit,binary,logit_binary,win_28,test,actual_0,21,0,
logit,binary,logit_binary,win_28,test,actual_1,42,0,
logit,binary,logit_binary,win_29,train,actual_0,305,325,
logit,binary,logit_binary,win_29,train,actual_1,249,379,
logit,binary,logit_binary,win_29,val,actual_0,3,18,
logit,binary,logit_binary,win_29,val,actual_1,11,31,
logit,binary,logit_binary,win_29,test,actual_0,32,1,
logit,binary,logit_binary,win_29,test,actual_1,28,0,
logit,binary,logit_binary,win_30,train,actual_0,327,294,
logit,binary,logit_binary,win_30,train,actual_1,275,362,
logit,binary,logit_binary,win_30,val,actual_0,26,7,
logit,binary,logit_binary,win_30,val,actual_1,19,9,
logit,binary,logit_binary,win_30,test,actual_0,27,8,
logit,binary,logit_binary,win_30,test,actual_1,27,1,
logit,binary,logit_binary,win_31,train,actual_0,337,291,
logit,binary,logit_binary,win_31,train,actual_1,271,359,
logit,binary,logit_binary,win_31,val,actual_0,34,1,
logit,binary,logit_binary,win_31,val,actual_1,28,0,
logit,binary,logit_binary,win_31,test,actual_0,33,0,
logit,binary,logit_binary,win_31,test,actual_1,31,0,
logit,binary,logit_binary,win_32,train,actual_0,351,279,
logit,binary,logit_binary,win_32,train,actual_1,282,345,
logit,binary,logit_binary,win_32,val,actual_0,33,0,
logit,binary,logit_binary,win_32,val,actual_1,31,0,
logit,binary,logit_binary,win_32,test,actual_0,31,0,
logit,binary,logit_binary,win_32,test,actual_1,31,1,
logit,binary,logit_binary,win_33,train,actual_0,439,202,
logit,binary,logit_binary,win_33,train,actual_1,373,243,
logit,binary,logit_binary,win_33,val,actual_0,30,1,
logit,binary,logit_binary,win_33,val,actual_1,31,1,
logit,binary,logit_binary,win_33,test,actual_0,21,0,
logit,binary,logit_binary,win_33,test,actual_1,42,0,
logit,binary,logit_binary,win_34,train,actual_0,379,261,
logit,binary,logit_binary,win_34,train,actual_1,320,298,
logit,binary,logit_binary,win_34,val,actual_0,0,21,
logit,binary,logit_binary,win_34,val,actual_1,0,42,
logit,binary,logit_binary,win_34,test,actual_0,0,29,
logit,binary,logit_binary,win_34,test,actual_1,2,32,
logit,binary,logit_binary,win_35,train,actual_0,376,257,
logit,binary,logit_binary,win_35,train,actual_1,316,311,
logit,binary,logit_binary,win_35,val,actual_0,7,22,
logit,binary,logit_binary,win_35,val,actual_1,7,27,
logit,binary,logit_binary,win_35,test,actual_0,33,2,
logit,binary,logit_binary,win_35,test,actual_1,28,1,
logit,binary,logit_binary,win_36,train,actual_0,354,276,
logit,binary,logit_binary,win_36,train,actual_1,299,330,
logit,binary,logit_binary,win_36,val,actual_0,26,9,
logit,binary,logit_binary,win_36,val,actual_1,19,10,
logit,binary,logit_binary,win_36,test,actual_0,25,4,
logit,binary,logit_binary,win_36,test,actual_1,30,4,
logit,binary,logit_binary,win_37,train,actual_0,363,268,
logit,binary,logit_binary,win_37,train,actual_1,290,338,
logit,binary,logit_binary,win_37,val,actual_0,20,9,
logit,binary,logit_binary,win_37,val,actual_1,25,9,
logit,binary,logit_binary,win_37,test,actual_0,17,11,
logit,binary,logit_binary,win_37,test,actual_1,21,11,
logit,binary,logit_binary,win_38,train,actual_0,334,291,
logit,binary,logit_binary,win_38,train,actual_1,269,365,
logit,binary,logit_binary,win_38,val,actual_0,3,25,
logit,binary,logit_binary,win_38,val,actual_1,4,28,
logit,binary,logit_binary,win_38,test,actual_0,5,23,
logit,binary,logit_binary,win_38,test,actual_1,12,23,
logit,binary,logit_binary,win_39,train,actual_0,348,275,
logit,binary,logit_binary,win_39,train,actual_1,278,356,
logit,binary,logit_binary,win_39,val,actual_0,8,20,
logit,binary,logit_binary,win_39,val,actual_1,7,28,
logit,binary,logit_binary,win_39,test,actual_0,16,19,
logit,binary,logit_binary,win_39,test,actual_1,9,19,
logit,binary,logit_binary,win_40,train,actual_0,329,289,
logit,binary,logit_binary,win_40,train,actual_1,290,349,
logit,binary,logit_binary,win_40,val,actual_0,22,13,
logit,binary,logit_binary,win_40,val,actual_1,16,12,
logit,binary,logit_binary,win_40,test,actual_0,28,4,
logit,binary,logit_binary,win_40,test,actual_1,26,5,
nn,binary,nn_binary,win_01,train,actual_0,558,93,
nn,binary,nn_binary,win_01,train,actual_1,104,503,
nn,binary,nn_binary,win_01,val,actual_0,18,9,
nn,binary,nn_binary,win_01,val,actual_1,8,28,
nn,binary,nn_binary,win_01,test,actual_0,15,15,
nn,binary,nn_binary,win_01,test,actual_1,10,21,
nn,binary,nn_binary,win_02,train,actual_0,572,74,
nn,binary,nn_binary,win_02,train,actual_1,84,528,
nn,binary,nn_binary,win_02,val,actual_0,26,4,
nn,binary,nn_binary,win_02,val,actual_1,5,26,
nn,binary,nn_binary,win_02,test,actual_0,17,13,
nn,binary,nn_binary,win_02,test,actual_1,14,21,
nn,binary,nn_binary,win_03,train,actual_0,579,67,
nn,binary,nn_binary,win_03,train,actual_1,83,528,
nn,binary,nn_binary,win_03,val,actual_0,26,4,
nn,binary,nn_binary,win_03,val,actual_1,2,33,
nn,binary,nn_binary,win_03,test,actual_0,20,9,
nn,binary,nn_binary,win_03,test,actual_1,22,13,
nn,binary,nn_binary,win_04,train,actual_0,547,97,
nn,binary,nn_binary,win_04,train,actual_1,71,543,
nn,binary,nn_binary,win_04,val,actual_0,22,7,
nn,binary,nn_binary,win_04,val,actual_1,5,30,
nn,binary,nn_binary,win_04,test,actual_0,14,14,
nn,binary,nn_binary,win_04,test,actual_1,16,19,
nn,binary,nn_binary,win_05,train,actual_0,499,139,
nn,binary,nn_binary,win_05,train,actual_1,137,483,
nn,binary,nn_binary,win_05,val,actual_0,21,7,
nn,binary,nn_binary,win_05,val,actual_1,3,32,
nn,binary,nn_binary,win_05,test,actual_0,0,33,
nn,binary,nn_binary,win_05,test,actual_1,1,27,
nn,binary,nn_binary,win_06,train,actual_0,540,91,
nn,binary,nn_binary,win_06,train,actual_1,77,550,
nn,binary,nn_binary,win_06,val,actual_0,32,1,
nn,binary,nn_binary,win_06,val,actual_1,3,25,
nn,binary,nn_binary,win_06,test,actual_0,17,16,
nn,binary,nn_binary,win_06,test,actual_1,13,18,
nn,binary,nn_binary,win_07,train,actual_0,574,58,
nn,binary,nn_binary,win_07,train,actual_1,43,582,
nn,binary,nn_binary,win_07,val,actual_0,31,2,
nn,binary,nn_binary,win_07,val,actual_1,1,30,
nn,binary,nn_binary,win_07,test,actual_0,23,5,
nn,binary,nn_binary,win_07,test,actual_1,30,6,
nn,binary,nn_binary,win_08,train,actual_0,598,37,
nn,binary,nn_binary,win_08,train,actual_1,59,563,
nn,binary,nn_binary,win_08,val,actual_0,27,1,
nn,binary,nn_binary,win_08,val,actual_1,3,33,
nn,binary,nn_binary,win_08,test,actual_0,18,12,
nn,binary,nn_binary,win_08,test,actual_1,21,12,
nn,binary,nn_binary,win_09,train,actual_0,465,164,
nn,binary,nn_binary,win_09,train,actual_1,160,468,
nn,binary,nn_binary,win_09,val,actual_0,25,5,
nn,binary,nn_binary,win_09,val,actual_1,11,22,
nn,binary,nn_binary,win_09,test,actual_0,18,8,
nn,binary,nn_binary,win_09,test,actual_1,26,9,
nn,binary,nn_binary,win_10,train,actual_0,544,81,
nn,binary,nn_binary,win_10,train,actual_1,61,573,
nn,binary,nn_binary,win_10,val,actual_0,19,7,
nn,binary,nn_binary,win_10,val,actual_1,3,32,
nn,binary,nn_binary,win_10,test,actual_0,19,14,
nn,binary,nn_binary,win_10,test,actual_1,19,12,
nn,binary,nn_binary,win_11,train,actual_0,336,280,
nn,binary,nn_binary,win_11,train,actual_1,212,431,
nn,binary,nn_binary,win_11,val,actual_0,23,10,
nn,binary,nn_binary,win_11,val,actual_1,13,18,
nn,binary,nn_binary,win_11,test,actual_0,12,10,
nn,binary,nn_binary,win_11,test,actual_1,32,10,
nn,binary,nn_binary,win_12,train,actual_0,458,153,
nn,binary,nn_binary,win_12,train,actual_1,137,511,
nn,binary,nn_binary,win_12,val,actual_0,15,7,
nn,binary,nn_binary,win_12,val,actual_1,6,36,
nn,binary,nn_binary,win_12,test,actual_0,14,18,
nn,binary,nn_binary,win_12,test,actual_1,16,14,
nn,binary,nn_binary,win_13,train,actual_0,474,121,
nn,binary,nn_binary,win_13,train,actual_1,87,577,
nn,binary,nn_binary,win_13,val,actual_0,30,2,
nn,binary,nn_binary,win_13,val,actual_1,2,28,
nn,binary,nn_binary,win_13,test,actual_0,17,11,
nn,binary,nn_binary,win_13,test,actual_1,21,12,
nn,binary,nn_binary,win_14,train,actual_0,505,96,
nn,binary,nn_binary,win_14,train,actual_1,116,541,
nn,binary,nn_binary,win_14,val,actual_0,20,8,
nn,binary,nn_binary,win_14,val,actual_1,4,29,
nn,binary,nn_binary,win_14,test,actual_0,22,10,
nn,binary,nn_binary,win_14,test,actual_1,18,14,
nn,binary,nn_binary,win_15,train,actual_0,238,360,
nn,binary,nn_binary,win_15,train,actual_1,176,484,
nn,binary,nn_binary,win_15,val,actual_0,25,7,
nn,binary,nn_binary,win_15,val,actual_1,22,10,
nn,binary,nn_binary,win_15,test,actual_0,24,10,
nn,binary,nn_binary,win_15,test,actual_1,22,8,
nn,binary,nn_binary,win_16,train,actual_0,528,69,
nn,binary,nn_binary,win_16,train,actual_1,58,603,
nn,binary,nn_binary,win_16,val,actual_0,29,5,
nn,binary,nn_binary,win_16,val,actual_1,1,29,
nn,binary,nn_binary,win_16,test,actual_0,15,20,
nn,binary,nn_binary,win_16,test,actual_1,16,12,
nn,binary,nn_binary,win_17,train,actual_0,399,199,
nn,binary,nn_binary,win_17,train,actual_1,187,474,
nn,binary,nn_binary,win_17,val,actual_0,30,5,
nn,binary,nn_binary,win_17,val,actual_1,19,9,
nn,binary,nn_binary,win_17,test,actual_0,22,8,
nn,binary,nn_binary,win_17,test,actual_1,27,5,
nn,binary,nn_binary,win_18,train,actual_0,329,280,
nn,binary,nn_binary,win_18,train,actual_1,205,445,
nn,binary,nn_binary,win_18,val,actual_0,22,8,
nn,binary,nn_binary,win_18,val,actual_1,17,15,
nn,binary,nn_binary,win_18,test,actual_0,15,18,
nn,binary,nn_binary,win_18,test,actual_1,13,17,
nn,binary,nn_binary,win_19,train,actual_0,497,112,
nn,binary,nn_binary,win_19,train,actual_1,100,550,
nn,binary,nn_binary,win_19,val,actual_0,28,5,
nn,binary,nn_binary,win_19,val,actual_1,4,26,
nn,binary,nn_binary,win_19,test,actual_0,21,14,
nn,binary,nn_binary,win_19,test,actual_1,15,13,
nn,binary,nn_binary,win_20,train,actual_0,393,212,
nn,binary,nn_binary,win_20,train,actual_1,171,483,
nn,binary,nn_binary,win_20,val,actual_0,27,8,
nn,binary,nn_binary,win_20,val,actual_1,4,24,
nn,binary,nn_binary,win_20,test,actual_0,21,16,
nn,binary,nn_binary,win_20,test,actual_1,16,10,
nn,binary,nn_binary,win_21,train,actual_0,566,42,
nn,binary,nn_binary,win_21,train,actual_1,61,590,
nn,binary,nn_binary,win_21,val,actual_0,37,0,
nn,binary,nn_binary,win_21,val,actual_1,2,24,
nn,binary,nn_binary,win_21,test,actual_0,23,7,
nn,binary,nn_binary,win_21,test,actual_1,24,8,
nn,binary,nn_binary,win_22,train,actual_0,347,271,
nn,binary,nn_binary,win_22,train,actual_1,228,413,
nn,binary,nn_binary,win_22,val,actual_0,19,11,
nn,binary,nn_binary,win_22,val,actual_1,11,21,
nn,binary,nn_binary,win_22,test,actual_0,5,23,
nn,binary,nn_binary,win_22,test,actual_1,14,21,
nn,binary,nn_binary,win_23,train,actual_0,459,159,
nn,binary,nn_binary,win_23,train,actual_1,149,493,
nn,binary,nn_binary,win_23,val,actual_0,17,11,
nn,binary,nn_binary,win_23,val,actual_1,3,32,
nn,binary,nn_binary,win_23,test,actual_0,11,17,
nn,binary,nn_binary,win_23,test,actual_1,13,23,
nn,binary,nn_binary,win_24,train,actual_0,486,130,
nn,binary,nn_binary,win_24,train,actual_1,52,590,
nn,binary,nn_binary,win_24,val,actual_0,22,6,
nn,binary,nn_binary,win_24,val,actual_1,4,32,
nn,binary,nn_binary,win_24,test,actual_0,21,10,
nn,binary,nn_binary,win_24,test,actual_1,13,19,
nn,binary,nn_binary,win_25,train,actual_0,457,158,
nn,binary,nn_binary,win_25,train,actual_1,150,493,
nn,binary,nn_binary,win_25,val,actual_0,26,5,
nn,binary,nn_binary,win_25,val,actual_1,4,28,
nn,binary,nn_binary,win_25,test,actual_0,19,12,
nn,binary,nn_binary,win_25,test,actual_1,19,12,
nn,binary,nn_binary,win_26,train,actual_0,516,102,
nn,binary,nn_binary,win_26,train,actual_1,120,520,
nn,binary,nn_binary,win_26,val,actual_0,27,4,
nn,binary,nn_binary,win_26,val,actual_1,4,27,
nn,binary,nn_binary,win_26,test,actual_0,21,17,
nn,binary,nn_binary,win_26,test,actual_1,13,12,
nn,binary,nn_binary,win_27,train,actual_0,516,100,
nn,binary,nn_binary,win_27,train,actual_1,78,565,
nn,binary,nn_binary,win_27,val,actual_0,31,7,
nn,binary,nn_binary,win_27,val,actual_1,4,21,
nn,binary,nn_binary,win_27,test,actual_0,22,15,
nn,binary,nn_binary,win_27,test,actual_1,17,10,
nn,binary,nn_binary,win_28,train,actual_0,384,237,
nn,binary,nn_binary,win_28,train,actual_1,212,425,
nn,binary,nn_binary,win_28,val,actual_0,35,2,
nn,binary,nn_binary,win_28,val,actual_1,21,6,
nn,binary,nn_binary,win_28,test,actual_0,21,0,
nn,binary,nn_binary,win_28,test,actual_1,42,0,
nn,binary,nn_binary,win_29,train,actual_0,436,194,
nn,binary,nn_binary,win_29,train,actual_1,200,428,
nn,binary,nn_binary,win_29,val,actual_0,8,13,
nn,binary,nn_binary,win_29,val,actual_1,8,34,
nn,binary,nn_binary,win_29,test,actual_0,9,24,
nn,binary,nn_binary,win_29,test,actual_1,10,18,
nn,binary,nn_binary,win_30,train,actual_0,498,123,
nn,binary,nn_binary,win_30,train,actual_1,144,493,
nn,binary,nn_binary,win_30,val,actual_0,29,4,
nn,binary,nn_binary,win_30,val,actual_1,7,21,
nn,binary,nn_binary,win_30,test,actual_0,25,10,
nn,binary,nn_binary,win_30,test,actual_1,21,7,
nn,binary,nn_binary,win_31,train,actual_0,410,218,
nn,binary,nn_binary,win_31,train,actual_1,225,405,
nn,binary,nn_binary,win_31,val,actual_0,26,9,
nn,binary,nn_binary,win_31,val,actual_1,9,19,
nn,binary,nn_binary,win_31,test,actual_0,9,24,
nn,binary,nn_binary,win_31,test,actual_1,9,22,
nn,binary,nn_binary,win_32,train,actual_0,507,123,
nn,binary,nn_binary,win_32,train,actual_1,157,470,
nn,binary,nn_binary,win_32,val,actual_0,25,8,
nn,binary,nn_binary,win_32,val,actual_1,5,26,
nn,binary,nn_binary,win_32,test,actual_0,30,1,
nn,binary,nn_binary,win_32,test,actual_1,31,1,
nn,binary,nn_binary,win_33,train,actual_0,411,230,
nn,binary,nn_binary,win_33,train,actual_1,280,336,
nn,binary,nn_binary,win_33,val,actual_0,24,7,
nn,binary,nn_binary,win_33,val,actual_1,17,15,
nn,binary,nn_binary,win_33,test,actual_0,21,0,
nn,binary,nn_binary,win_33,test,actual_1,42,0,
nn,binary,nn_binary,win_34,train,actual_0,526,114,
nn,binary,nn_binary,win_34,train,actual_1,137,481,
nn,binary,nn_binary,win_34,val,actual_0,19,2,
nn,binary,nn_binary,win_34,val,actual_1,8,34,
nn,binary,nn_binary,win_34,test,actual_0,21,8,
nn,binary,nn_binary,win_34,test,actual_1,22,12,
nn,binary,nn_binary,win_35,train,actual_0,565,68,
nn,binary,nn_binary,win_35,train,actual_1,89,538,
nn,binary,nn_binary,win_35,val,actual_0,27,2,
nn,binary,nn_binary,win_35,val,actual_1,3,31,
nn,binary,nn_binary,win_35,test,actual_0,22,13,
nn,binary,nn_binary,win_35,test,actual_1,14,15,
nn,binary,nn_binary,win_36,train,actual_0,445,185,
nn,binary,nn_binary,win_36,train,actual_1,187,442,
nn,binary,nn_binary,win_36,val,actual_0,24,11,
nn,binary,nn_binary,win_36,val,actual_1,6,23,
nn,binary,nn_binary,win_36,test,actual_0,9,20,
nn,binary,nn_binary,win_36,test,actual_1,17,17,
nn,binary,nn_binary,win_37,train,actual_0,540,91,
nn,binary,nn_binary,win_37,train,actual_1,91,537,
nn,binary,nn_binary,win_37,val,actual_0,26,3,
nn,binary,nn_binary,win_37,val,actual_1,2,32,
nn,binary,nn_binary,win_37,test,actual_0,20,8,
nn,binary,nn_binary,win_37,test,actual_1,19,13,
nn,binary,nn_binary,win_38,train,actual_0,499,126,
nn,binary,nn_binary,win_38,train,actual_1,129,505,
nn,binary,nn_binary,win_38,val,actual_0,22,6,
nn,binary,nn_binary,win_38,val,actual_1,5,27,
nn,binary,nn_binary,win_38,test,actual_0,8,20,
nn,binary,nn_binary,win_38,test,actual_1,3,32,
nn,binary,nn_binary,win_39,train,actual_0,379,244,
nn,binary,nn_binary,win_39,train,actual_1,207,427,
nn,binary,nn_binary,win_39,val,actual_0,13,15,
nn,binary,nn_binary,win_39,val,actual_1,4,31,
nn,binary,nn_binary,win_39,test,actual_0,7,28,
nn,binary,nn_binary,win_39,test,actual_1,1,27,
nn,binary,nn_binary,win_40,train,actual_0,417,201,
nn,binary,nn_binary,win_40,train,actual_1,215,424,
nn,binary,nn_binary,win_40,val,actual_0,28,7,
nn,binary,nn_binary,win_40,val,actual_1,11,17,
nn,binary,nn_binary,win_40,test,actual_0,26,6,
nn,binary,nn_binary,win_40,test,actual_1,24,7,
logit,multiclass,logit_multiclass,win_01,train,actual_-1,171,0,0.0
logit,multiclass,logit_multiclass,win_01,train,actual_0,940,0,0.0
logit,multiclass,logit_multiclass,win_01,train,actual_1,147,0,0.0
logit,multiclass,logit_multiclass,win_01,val,actual_-1,4,0,0.0
logit,multiclass,logit_multiclass,win_01,val,actual_0,50,0,0.0
logit,multiclass,logit_multiclass,win_01,val,actual_1,9,0,0.0
logit,multiclass,logit_multiclass,win_01,test,actual_-1,7,0,0.0
logit,multiclass,logit_multiclass,win_01,test,actual_0,46,0,0.0
logit,multiclass,logit_multiclass,win_01,test,actual_1,8,0,0.0
logit,multiclass,logit_multiclass,win_02,train,actual_-1,165,0,0.0
logit,multiclass,logit_multiclass,win_02,train,actual_0,944,0,0.0
logit,multiclass,logit_multiclass,win_02,train,actual_1,149,0,0.0
logit,multiclass,logit_multiclass,win_02,val,actual_-1,8,0,0.0
logit,multiclass,logit_multiclass,win_02,val,actual_0,45,0,0.0
logit,multiclass,logit_multiclass,win_02,val,actual_1,8,0,0.0
logit,multiclass,logit_multiclass,win_02,test,actual_-1,6,0,0.0
logit,multiclass,logit_multiclass,win_02,test,actual_0,53,0,0.0
logit,multiclass,logit_multiclass,win_02,test,actual_1,6,0,0.0
logit,multiclass,logit_multiclass,win_03,train,actual_-1,167,0,0.0
logit,multiclass,logit_multiclass,win_03,train,actual_0,938,0,0.0
logit,multiclass,logit_multiclass,win_03,train,actual_1,152,0,0.0
logit,multiclass,logit_multiclass,win_03,val,actual_-1,6,0,0.0
logit,multiclass,logit_multiclass,win_03,val,actual_0,53,0,0.0
logit,multiclass,logit_multiclass,win_03,val,actual_1,6,0,0.0
logit,multiclass,logit_multiclass,win_03,test,actual_-1,1,0,0.0
logit,multiclass,logit_multiclass,win_03,test,actual_0,59,0,0.0
logit,multiclass,logit_multiclass,win_03,test,actual_1,4,0,0.0
logit,multiclass,logit_multiclass,win_04,train,actual_-1,169,0,0.0
logit,multiclass,logit_multiclass,win_04,train,actual_0,932,0,0.0
logit,multiclass,logit_multiclass,win_04,train,actual_1,157,0,0.0
logit,multiclass,logit_multiclass,win_04,val,actual_-1,1,0,0.0
logit,multiclass,logit_multiclass,win_04,val,actual_0,59,0,0.0
logit,multiclass,logit_multiclass,win_04,val,actual_1,4,0,0.0
logit,multiclass,logit_multiclass,win_04,test,actual_-1,2,0,0.0
logit,multiclass,logit_multiclass,win_04,test,actual_0,53,0,0.0
logit,multiclass,logit_multiclass,win_04,test,actual_1,8,0,0.0
logit,multiclass,logit_multiclass,win_05,train,actual_-1,167,0,0.0
logit,multiclass,logit_multiclass,win_05,train,actual_0,937,0,0.0
logit,multiclass,logit_multiclass,win_05,train,actual_1,154,0,0.0
logit,multiclass,logit_multiclass,win_05,val,actual_-1,2,0,0.0
logit,multiclass,logit_multiclass,win_05,val,actual_0,53,0,0.0
logit,multiclass,logit_multiclass,win_05,val,actual_1,8,0,0.0
logit,multiclass,logit_multiclass,win_05,test,actual_-1,9,0,0.0
logit,multiclass,logit_multiclass,win_05,test,actual_0,47,0,0.0
logit,multiclass,logit_multiclass,win_05,test,actual_1,5,0,0.0
logit,multiclass,logit_multiclass,win_06,train,actual_-1,159,0,0.0
logit,multiclass,logit_multiclass,win_06,train,actual_0,942,0,0.0
logit,multiclass,logit_multiclass,win_06,train,actual_1,157,0,0.0
logit,multiclass,logit_multiclass,win_06,val,actual_-1,9,0,0.0
logit,multiclass,logit_multiclass,win_06,val,actual_0,47,0,0.0
logit,multiclass,logit_multiclass,win_06,val,actual_1,5,0,0.0
logit,multiclass,logit_multiclass,win_06,test,actual_-1,11,0,0.0
logit,multiclass,logit_multiclass,win_06,test,actual_0,43,0,0.0
logit,multiclass,logit_multiclass,win_06,test,actual_1,10,0,0.0
logit,multiclass,logit_multiclass,win_07,train,actual_-1,155,0,0.0
logit,multiclass,logit_multiclass,win_07,train,actual_0,947,0,0.0
logit,multiclass,logit_multiclass,win_07,train,actual_1,155,0,0.0
logit,multiclass,logit_multiclass,win_07,val,actual_-1,11,0,0.0
logit,multiclass,logit_multiclass,win_07,val,actual_0,43,0,0.0
logit,multiclass,logit_multiclass,win_07,val,actual_1,10,0,0.0
logit,multiclass,logit_multiclass,win_07,test,actual_-1,5,0,0.0
logit,multiclass,logit_multiclass,win_07,test,actual_0,50,0,0.0
logit,multiclass,logit_multiclass,win_07,test,actual_1,9,0,0.0
logit,multiclass,logit_multiclass,win_08,train,actual_-1,158,0,0.0
logit,multiclass,logit_multiclass,win_08,train,actual_0,940,0,0.0
logit,multiclass,logit_multiclass,win_08,train,actual_1,159,0,0.0
logit,multiclass,logit_multiclass,win_08,val,actual_-1,5,0,0.0
logit,multiclass,logit_multiclass,win_08,val,actual_0,50,0,0.0
logit,multiclass,logit_multiclass,win_08,val,actual_1,9,0,0.0
logit,multiclass,logit_multiclass,win_08,test,actual_-1,4,0,0.0
logit,multiclass,logit_multiclass,win_08,test,actual_0,50,0,0.0
logit,multiclass,logit_multiclass,win_08,test,actual_1,9,0,0.0
logit,multiclass,logit_multiclass,win_09,train,actual_-1,159,0,0.0
logit,multiclass,logit_multiclass,win_09,train,actual_0,940,0,0.0
logit,multiclass,logit_multiclass,win_09,train,actual_1,158,0,0.0
logit,multiclass,logit_multiclass,win_09,val,actual_-1,4,0,0.0
logit,multiclass,logit_multiclass,win_09,val,actual_0,50,0,0.0
logit,multiclass,logit_multiclass,win_09,val,actual_1,9,0,0.0
logit,multiclass,logit_multiclass,win_09,test,actual_-1,5,0,0.0
logit,multiclass,logit_multiclass,win_09,test,actual_0,46,0,0.0
logit,multiclass,logit_multiclass,win_09,test,actual_1,10,0,0.0
logit,multiclass,logit_multiclass,win_10,train,actual_-1,154,0,0.0
logit,multiclass,logit_multiclass,win_10,train,actual_0,943,0,1.0
logit,multiclass,logit_multiclass,win_10,train,actual_1,161,0,0.0
logit,multiclass,logit_multiclass,win_10,val,actual_-1,5,0,0.0
logit,multiclass,logit_multiclass,win_10,val,actual_0,46,0,0.0
logit,multiclass,logit_multiclass,win_10,val,actual_1,10,0,0.0
logit,multiclass,logit_multiclass,win_10,test,actual_-1,11,0,0.0
logit,multiclass,logit_multiclass,win_10,test,actual_0,45,0,0.0
logit,multiclass,logit_multiclass,win_10,test,actual_1,8,0,0.0
logit,multiclass,logit_multiclass,win_11,train,actual_-1,150,0,0.0
logit,multiclass,logit_multiclass,win_11,train,actual_0,946,0,1.0
logit,multiclass,logit_multiclass,win_11,train,actual_1,162,0,0.0
logit,multiclass,logit_multiclass,win_11,val,actual_-1,11,0,0.0
logit,multiclass,logit_multiclass,win_11,val,actual_0,45,0,0.0
logit,multiclass,logit_multiclass,win_11,val,actual_1,8,0,0.0
logit,multiclass,logit_multiclass,win_11,test,actual_-1,6,0,0.0
logit,multiclass,logit_multiclass,win_11,test,actual_0,46,0,0.0
logit,multiclass,logit_multiclass,win_11,test,actual_1,12,0,0.0
logit,multiclass,logit_multiclass,win_12,train,actual_-1,148,0,0.0
logit,multiclass,logit_multiclass,win_12,train,actual_0,946,0,0.0
logit,multiclass,logit_multiclass,win_12,train,actual_1,165,0,0.0
logit,multiclass,logit_multiclass,win_12,val,actual_-1,6,0,0.0
logit,multiclass,logit_multiclass,win_12,val,actual_0,46,0,0.0
logit,multiclass,logit_multiclass,win_12,val,actual_1,12,0,0.0
logit,multiclass,logit_multiclass,win_12,test,actual_-1,18,0,0.0
logit,multiclass,logit_multiclass,win_12,test,actual_0,36,0,0.0
logit,multiclass,logit_multiclass,win_12,test,actual_1,8,0,0.0
logit,multiclass,logit_multiclass,win_13,train,actual_-1,266,9,8.0
logit,multiclass,logit_multiclass,win_13,train,actual_0,615,19,8.0
logit,multiclass,logit_multiclass,win_13,train,actual_1,311,15,8.0
logit,multiclass,logit_multiclass,win_13,val,actual_-1,11,6,9.0
logit,multiclass,logit_multiclass,win_13,val,actual_0,14,0,4.0
logit,multiclass,logit_multiclass,win_13,val,actual_1,9,5,4.0
logit,multiclass,logit_multiclass,win_13,test,actual_-1,0,4,13.0
logit,multiclass,logit_multiclass,win_13,test,actual_0,1,2,17.0
logit,multiclass,logit_multiclass,win_13,test,actual_1,0,2,22.0
logit,multiclass,logit_multiclass,win_14,train,actual_-1,144,0,0.0
logit,multiclass,logit_multiclass,win_14,train,actual_0,952,0,0.0
logit,multiclass,logit_multiclass,win_14,train,actual_1,162,0,0.0
logit,multiclass,logit_multiclass,win_14,val,actual_-1,8,0,0.0
logit,multiclass,logit_multiclass,win_14,val,actual_0,37,0,0.0
logit,multiclass,logit_multiclass,win_14,val,actual_1,16,0,0.0
logit,multiclass,logit_multiclass,win_14,test,actual_-1,5,0,0.0
logit,multiclass,logit_multiclass,win_14,test,actual_0,52,0,0.0
logit,multiclass,logit_multiclass,win_14,test,actual_1,7,0,0.0
logit,multiclass,logit_multiclass,win_15,train,actual_-1,275,13,5.0
logit,multiclass,logit_multiclass,win_15,train,actual_0,602,23,2.0
logit,multiclass,logit_multiclass,win_15,train,actual_1,311,25,2.0
logit,multiclass,logit_multiclass,win_15,val,actual_-1,14,0,0.0
logit,multiclass,logit_multiclass,win_15,val,actual_0,34,0,0.0
logit,multiclass,logit_multiclass,win_15,val,actual_1,16,0,0.0
logit,multiclass,logit_multiclass,win_15,test,actual_-1,14,1,1.0
logit,multiclass,logit_multiclass,win_15,test,actual_0,33,0,4.0
logit,multiclass,logit_multiclass,win_15,test,actual_1,11,0,0.0
logit,multiclass,logit_multiclass,win_16,train,actual_-1,281,6,6.0
logit,multiclass,logit_multiclass,win_16,train,actual_0,610,12,2.0
logit,multiclass,logit_multiclass,win_16,train,actual_1,320,18,3.0
logit,multiclass,logit_multiclass,win_16,val,actual_-1,16,0,0.0
logit,multiclass,logit_multiclass,win_16,val,actual_0,37,0,0.0
logit,multiclass,logit_multiclass,win_16,val,actual_1,11,0,0.0
logit,multiclass,logit_multiclass,win_16,test,actual_-1,16,0,0.0
logit,multiclass,logit_multiclass,win_16,test,actual_0,35,0,0.0
logit,multiclass,logit_multiclass,win_16,test,actual_1,11,0,1.0
logit,multiclass,logit_multiclass,win_17,train,actual_-1,275,7,11.0
logit,multiclass,logit_multiclass,win_17,train,actual_0,608,11,7.0
logit,multiclass,logit_multiclass,win_17,train,actual_1,317,17,6.0
logit,multiclass,logit_multiclass,win_17,val,actual_-1,16,0,0.0
logit,multiclass,logit_multiclass,win_17,val,actual_0,35,0,0.0
logit,multiclass,logit_multiclass,win_17,val,actual_1,12,0,0.0
logit,multiclass,logit_multiclass,win_17,test,actual_-1,13,5,4.0
logit,multiclass,logit_multiclass,win_17,test,actual_0,10,8,4.0
logit,multiclass,logit_multiclass,win_17,test,actual_1,6,7,5.0
logit,multiclass,logit_multiclass,win_18,train,actual_-1,238,1,3.0
logit,multiclass,logit_multiclass,win_18,train,actual_0,765,1,2.0
logit,multiclass,logit_multiclass,win_18,train,actual_1,246,2,1.0
logit,multiclass,logit_multiclass,win_18,val,actual_-1,16,0,6.0
logit,multiclass,logit_multiclass,win_18,val,actual_0,22,0,2.0
logit,multiclass,logit_multiclass,win_18,val,actual_1,13,0,3.0
logit,multiclass,logit_multiclass,win_18,test,actual_-1,19,0,0.0
logit,multiclass,logit_multiclass,win_18,test,actual_0,30,0,0.0
logit,multiclass,logit_multiclass,win_18,test,actual_1,14,0,0.0
logit,multiclass,logit_multiclass,win_19,train,actual_-1,273,7,18.0
logit,multiclass,logit_multiclass,win_19,train,actual_0,618,9,12.0
logit,multiclass,logit_multiclass,win_19,train,actual_1,296,12,14.0
logit,multiclass,logit_multiclass,win_19,val,actual_-1,18,0,3.0
logit,multiclass,logit_multiclass,win_19,val,actual_0,21,0,1.0
logit,multiclass,logit_multiclass,win_19,val,actual_1,18,0,2.0
logit,multiclass,logit_multiclass,win_19,test,actual_-1,24,0,0.0
logit,multiclass,logit_multiclass,win_19,test,actual_0,18,1,0.0
logit,multiclass,logit_multiclass,win_19,test,actual_1,19,1,0.0
logit,multiclass,logit_multiclass,win_20,train,actual_-1,145,0,3.0
logit,multiclass,logit_multiclass,win_20,train,actual_0,958,0,2.0
logit,multiclass,logit_multiclass,win_20,train,actual_1,147,0,4.0
logit,multiclass,logit_multiclass,win_20,val,actual_-1,21,1,0.0
logit,multiclass,logit_multiclass,win_20,val,actual_0,27,2,2.0
logit,multiclass,logit_multiclass,win_20,val,actual_1,9,1,0.0
logit,multiclass,logit_multiclass,win_20,test,actual_-1,13,0,0.0
logit,multiclass,logit_multiclass,win_20,test,actual_0,40,0,1.0
logit,multiclass,logit_multiclass,win_20,test,actual_1,9,0,0.0
logit,multiclass,logit_multiclass,win_21,train,actual_-1,265,7,25.0
logit,multiclass,logit_multiclass,win_21,train,actual_0,613,10,17.0
logit,multiclass,logit_multiclass,win_21,train,actual_1,289,9,24.0
logit,multiclass,logit_multiclass,win_21,val,actual_-1,11,0,14.0
logit,multiclass,logit_multiclass,win_21,val,actual_0,11,0,10.0
logit,multiclass,logit_multiclass,win_21,val,actual_1,9,0,8.0
logit,multiclass,logit_multiclass,win_21,test,actual_-1,0,0,17.0
logit,multiclass,logit_multiclass,win_21,test,actual_0,0,0,28.0
logit,multiclass,logit_multiclass,win_21,test,actual_1,0,0,17.0
logit,multiclass,logit_multiclass,win_22,train,actual_-1,259,0,1.0
logit,multiclass,logit_multiclass,win_22,train,actual_0,759,0,0.0
logit,multiclass,logit_multiclass,win_22,train,actual_1,239,0,1.0
logit,multiclass,logit_multiclass,win_22,val,actual_-1,15,0,0.0
logit,multiclass,logit_multiclass,win_22,val,actual_0,33,0,0.0
logit,multiclass,logit_multiclass,win_22,val,actual_1,14,0,0.0
logit,multiclass,logit_multiclass,win_22,test,actual_-1,7,0,0.0
logit,multiclass,logit_multiclass,win_22,test,actual_0,40,0,0.0
logit,multiclass,logit_multiclass,win_22,test,actual_1,16,0,0.0
logit,multiclass,logit_multiclass,win_23,train,actual_-1,166,0,0.0
logit,multiclass,logit_multiclass,win_23,train,actual_0,941,0,0.0
logit,multiclass,logit_multiclass,win_23,train,actual_1,153,0,0.0
logit,multiclass,logit_multiclass,win_23,val,actual_-1,4,0,0.0
logit,multiclass,logit_multiclass,win_23,val,actual_0,51,0,0.0
logit,multiclass,logit_multiclass,win_23,val,actual_1,8,0,0.0
logit,multiclass,logit_multiclass,win_23,test,actual_-1,7,0,0.0
logit,multiclass,logit_multiclass,win_23,test,actual_0,52,0,0.0
logit,multiclass,logit_multiclass,win_23,test,actual_1,5,0,0.0
logit,multiclass,logit_multiclass,win_24,train,actual_-1,278,13,20.0
logit,multiclass,logit_multiclass,win_24,train,actual_0,593,18,17.0
logit,multiclass,logit_multiclass,win_24,train,actual_1,289,11,19.0
logit,multiclass,logit_multiclass,win_24,val,actual_-1,19,0,0.0
logit,multiclass,logit_multiclass,win_24,val,actual_0,32,0,1.0
logit,multiclass,logit_multiclass,win_24,val,actual_1,12,0,0.0
logit,multiclass,logit_multiclass,win_24,test,actual_-1,17,0,0.0
logit,multiclass,logit_multiclass,win_24,test,actual_0,27,0,0.0
logit,multiclass,logit_multiclass,win_24,test,actual_1,19,0,0.0
logit,multiclass,logit_multiclass,win_25,train,actual_-1,162,0,0.0
logit,multiclass,logit_multiclass,win_25,train,actual_0,945,0,0.0
logit,multiclass,logit_multiclass,win_25,train,actual_1,151,0,0.0
logit,multiclass,logit_multiclass,win_25,val,actual_-1,8,0,0.0
logit,multiclass,logit_multiclass,win_25,val,actual_0,45,0,0.0
logit,multiclass,logit_multiclass,win_25,val,actual_1,10,0,0.0
logit,multiclass,logit_multiclass,win_25,test,actual_-1,6,0,0.0
logit,multiclass,logit_multiclass,win_25,test,actual_0,50,0,0.0
logit,multiclass,logit_multiclass,win_25,test,actual_1,6,0,0.0
logit,multiclass,logit_multiclass,win_26,train,actual_-1,292,14,15.0
logit,multiclass,logit_multiclass,win_26,train,actual_0,597,22,14.0
logit,multiclass,logit_multiclass,win_26,train,actual_1,278,10,16.0
logit,multiclass,logit_multiclass,win_26,val,actual_-1,18,0,1.0
logit,multiclass,logit_multiclass,win_26,val,actual_0,26,0,1.0
logit,multiclass,logit_multiclass,win_26,val,actual_1,14,0,2.0
logit,multiclass,logit_multiclass,win_26,test,actual_-1,16,0,0.0
logit,multiclass,logit_multiclass,win_26,test,actual_0,35,0,0.0
logit,multiclass,logit_multiclass,win_26,test,actual_1,12,0,0.0
logit,multiclass,logit_multiclass,win_27,train,actual_-1,166,0,0.0
logit,multiclass,logit_multiclass,win_27,train,actual_0,936,0,0.0
logit,multiclass,logit_multiclass,win_27,train,actual_1,157,0,0.0
logit,multiclass,logit_multiclass,win_27,val,actual_-1,3,0,0.0
logit,multiclass,logit_multiclass,win_27,val,actual_0,55,0,0.0
logit,multiclass,logit_multiclass,win_27,val,actual_1,5,0,0.0
logit,multiclass,logit_multiclass,win_27,test,actual_-1,9,0,0.0
logit,multiclass,logit_multiclass,win_27,test,actual_0,51,0,0.0
logit,multiclass,logit_multiclass,win_27,test,actual_1,4,0,0.0
logit,multiclass,logit_multiclass,win_28,train,actual_-1,163,0,0.0
logit,multiclass,logit_multiclass,win_28,train,actual_0,940,0,0.0
logit,multiclass,logit_multiclass,win_28,train,actual_1,155,0,0.0
logit,multiclass,logit_multiclass,win_28,val,actual_-1,9,0,0.0
logit,multiclass,logit_multiclass,win_28,val,actual_0,51,0,0.0
logit,multiclass,logit_multiclass,win_28,val,actual_1,4,0,0.0
logit,multiclass,logit_multiclass,win_28,test,actual_-1,5,0,0.0
logit,multiclass,logit_multiclass,win_28,test,actual_0,43,0,0.0
logit,multiclass,logit_multiclass,win_28,test,actual_1,15,0,0.0
logit,multiclass,logit_multiclass,win_29,train,actual_-1,161,0,0.0
logit,multiclass,logit_multiclass,win_29,train,actual_0,947,0,0.0
logit,multiclass,logit_multiclass,win_29,train,actual_1,150,0,0.0
logit,multiclass,logit_multiclass,win_29,val,actual_-1,5,0,0.0
logit,multiclass,logit_multiclass,win_29,val,actual_0,43,0,0.0
logit,multiclass,logit_multiclass,win_29,val,actual_1,15,0,0.0
logit,multiclass,logit_multiclass,win_29,test,actual_-1,7,0,0.0
logit,multiclass,logit_multiclass,win_29,test,actual_0,47,0,0.0
logit,multiclass,logit_multiclass,win_29,test,actual_1,7,0,0.0
logit,multiclass,logit_multiclass,win_30,train,actual_-1,158,0,0.0
logit,multiclass,logit_multiclass,win_30,train,actual_0,941,0,0.0
logit,multiclass,logit_multiclass,win_30,train,actual_1,159,0,0.0
logit,multiclass,logit_multiclass,win_30,val,actual_-1,7,0,0.0
logit,multiclass,logit_multiclass,win_30,val,actual_0,48,0,0.0
logit,multiclass,logit_multiclass,win_30,val,actual_1,6,0,0.0
logit,multiclass,logit_multiclass,win_30,test,actual_-1,6,0,0.0
logit,multiclass,logit_multiclass,win_30,test,actual_0,49,0,0.0
logit,multiclass,logit_multiclass,win_30,test,actual_1,8,0,0.0
logit,multiclass,logit_multiclass,win_31,train,actual_-1,162,0,0.0
logit,multiclass,logit_multiclass,win_31,train,actual_0,941,0,0.0
logit,multiclass,logit_multiclass,win_31,train,actual_1,155,0,0.0
logit,multiclass,logit_multiclass,win_31,val,actual_-1,6,0,0.0
logit,multiclass,logit_multiclass,win_31,val,actual_0,49,0,0.0
logit,multiclass,logit_multiclass,win_31,val,actual_1,8,0,0.0
logit,multiclass,logit_multiclass,win_31,test,actual_-1,4,0,0.0
logit,multiclass,logit_multiclass,win_31,test,actual_0,55,0,0.0
logit,multiclass,logit_multiclass,win_31,test,actual_1,5,0,0.0
logit,multiclass,logit_multiclass,win_32,train,actual_-1,163,0,0.0
logit,multiclass,logit_multiclass,win_32,train,actual_0,935,0,0.0
logit,multiclass,logit_multiclass,win_32,train,actual_1,159,0,0.0
logit,multiclass,logit_multiclass,win_32,val,actual_-1,4,0,0.0
logit,multiclass,logit_multiclass,win_32,val,actual_0,55,0,0.0
logit,multiclass,logit_multiclass,win_32,val,actual_1,5,0,0.0
logit,multiclass,logit_multiclass,win_32,test,actual_-1,6,0,0.0
logit,multiclass,logit_multiclass,win_32,test,actual_0,52,0,0.0
logit,multiclass,logit_multiclass,win_32,test,actual_1,5,0,0.0
logit,multiclass,logit_multiclass,win_33,train,actual_-1,317,1,11.0
logit,multiclass,logit_multiclass,win_33,train,actual_0,615,2,8.0
logit,multiclass,logit_multiclass,win_33,train,actual_1,289,3,11.0
logit,multiclass,logit_multiclass,win_33,val,actual_-1,14,0,0.0
logit,multiclass,logit_multiclass,win_33,val,actual_0,35,0,0.0
logit,multiclass,logit_multiclass,win_33,val,actual_1,14,0,0.0
logit,multiclass,logit_multiclass,win_33,test,actual_-1,11,0,0.0
logit,multiclass,logit_multiclass,win_33,test,actual_0,23,0,0.0
logit,multiclass,logit_multiclass,win_33,test,actual_1,29,0,0.0
logit,multiclass,logit_multiclass,win_34,train,actual_-1,156,0,0.0
logit,multiclass,logit_multiclass,win_34,train,actual_0,947,0,0.0
logit,multiclass,logit_multiclass,win_34,train,actual_1,155,0,0.0
logit,multiclass,logit_multiclass,win_34,val,actual_-1,6,0,0.0
logit,multiclass,logit_multiclass,win_34,val,actual_0,43,0,0.0
logit,multiclass,logit_multiclass,win_34,val,actual_1,14,0,0.0
logit,multiclass,logit_multiclass,win_34,test,actual_-1,12,0,0.0
logit,multiclass,logit_multiclass,win_34,test,actual_0,34,0,0.0
logit,multiclass,logit_multiclass,win_34,test,actual_1,17,0,0.0
logit,multiclass,logit_multiclass,win_35,train,actual_-1,149,0,0.0
logit,multiclass,logit_multiclass,win_35,train,actual_0,958,0,0.0
logit,multiclass,logit_multiclass,win_35,train,actual_1,153,0,0.0
logit,multiclass,logit_multiclass,win_35,val,actual_-1,12,0,0.0
logit,multiclass,logit_multiclass,win_35,val,actual_0,34,0,0.0
logit,multiclass,logit_multiclass,win_35,val,actual_1,17,0,0.0
logit,multiclass,logit_multiclass,win_35,test,actual_-1,10,0,0.0
logit,multiclass,logit_multiclass,win_35,test,actual_0,48,0,0.0
logit,multiclass,logit_multiclass,win_35,test,actual_1,6,0,0.0
logit,multiclass,logit_multiclass,win_36,train,actual_-1,154,0,0.0
logit,multiclass,logit_multiclass,win_36,train,actual_0,944,0,0.0
logit,multiclass,logit_multiclass,win_36,train,actual_1,161,0,0.0
logit,multiclass,logit_multiclass,win_36,val,actual_-1,10,0,0.0
logit,multiclass,logit_multiclass,win_36,val,actual_0,48,0,0.0
logit,multiclass,logit_multiclass,win_36,val,actual_1,6,0,0.0
logit,multiclass,logit_multiclass,win_36,test,actual_-1,14,0,0.0
logit,multiclass,logit_multiclass,win_36,test,actual_0,40,0,0.0
logit,multiclass,logit_multiclass,win_36,test,actual_1,9,0,0.0
logit,multiclass,logit_multiclass,win_37,train,actual_-1,315,0,1.0
logit,multiclass,logit_multiclass,win_37,train,actual_0,638,0,0.0
logit,multiclass,logit_multiclass,win_37,train,actual_1,304,0,1.0
logit,multiclass,logit_multiclass,win_37,val,actual_-1,13,0,8.0
logit,multiclass,logit_multiclass,win_37,val,actual_0,15,0,8.0
logit,multiclass,logit_multiclass,win_37,val,actual_1,14,0,5.0
logit,multiclass,logit_multiclass,win_37,test,actual_-1,13,0,5.0
logit,multiclass,logit_multiclass,win_37,test,actual_0,18,0,4.0
logit,multiclass,logit_multiclass,win_37,test,actual_1,12,0,8.0
logit,multiclass,logit_multiclass,win_38,train,actual_-1,211,0,0.0
logit,multiclass,logit_multiclass,win_38,train,actual_0,848,0,0.0
logit,multiclass,logit_multiclass,win_38,train,actual_1,200,0,0.0
logit,multiclass,logit_multiclass,win_38,val,actual_-1,11,0,0.0
logit,multiclass,logit_multiclass,win_38,val,actual_0,36,0,0.0
logit,multiclass,logit_multiclass,win_38,val,actual_1,13,0,0.0
logit,multiclass,logit_multiclass,win_38,test,actual_-1,9,0,0.0
logit,multiclass,logit_multiclass,win_38,test,actual_0,45,0,0.0
logit,multiclass,logit_multiclass,win_38,test,actual_1,9,0,0.0
logit,multiclass,logit_multiclass,win_39,train,actual_-1,293,5,14.0
logit,multiclass,logit_multiclass,win_39,train,actual_0,601,16,13.0
logit,multiclass,logit_multiclass,win_39,train,actual_1,291,16,8.0
logit,multiclass,logit_multiclass,win_39,val,actual_-1,12,0,3.0
logit,multiclass,logit_multiclass,win_39,val,actual_0,24,0,6.0
logit,multiclass,logit_multiclass,win_39,val,actual_1,17,0,1.0
logit,multiclass,logit_multiclass,win_39,test,actual_-1,17,0,0.0
logit,multiclass,logit_multiclass,win_39,test,actual_0,36,0,0.0
logit,multiclass,logit_multiclass,win_39,test,actual_1,10,0,0.0
logit,multiclass,logit_multiclass,win_40,train,actual_-1,155,0,0.0
logit,multiclass,logit_multiclass,win_40,train,actual_0,939,0,0.0
logit,multiclass,logit_multiclass,win_40,train,actual_1,163,0,0.0
logit,multiclass,logit_multiclass,win_40,val,actual_-1,7,0,0.0
logit,multiclass,logit_multiclass,win_40,val,actual_0,51,0,0.0
logit,multiclass,logit_multiclass,win_40,val,actual_1,5,0,0.0
logit,multiclass,logit_multiclass,win_40,test,actual_-1,6,0,0.0
logit,multiclass,logit_multiclass,win_40,test,actual_0,52,0,0.0
logit,multiclass,logit_multiclass,win_40,test,actual_1,5,0,0.0
nn,multiclass,nn_multiclass,win_01,train,actual_-1,147,8,69.0
nn,multiclass,nn_multiclass,win_01,train,actual_0,805,16,20.0
nn,multiclass,nn_multiclass,win_01,train,actual_1,118,67,8.0
nn,multiclass,nn_multiclass,win_01,val,actual_-1,5,0,0.0
nn,multiclass,nn_multiclass,win_01,val,actual_0,41,3,0.0
nn,multiclass,nn_multiclass,win_01,val,actual_1,7,7,0.0
nn,multiclass,nn_multiclass,win_01,test,actual_-1,13,0,0.0
nn,multiclass,nn_multiclass,win_01,test,actual_0,37,0,0.0
nn,multiclass,nn_multiclass,win_01,test,actual_1,11,0,0.0
nn,multiclass,nn_multiclass,win_02,train,actual_-1,50,3,163.0
nn,multiclass,nn_multiclass,win_02,train,actual_0,809,17,21.0
nn,multiclass,nn_multiclass,win_02,train,actual_1,34,156,5.0
nn,multiclass,nn_multiclass,win_02,val,actual_-1,4,0,9.0
nn,multiclass,nn_multiclass,win_02,val,actual_0,35,1,1.0
nn,multiclass,nn_multiclass,win_02,val,actual_1,3,8,0.0
nn,multiclass,nn_multiclass,win_02,test,actual_-1,2,2,2.0
nn,multiclass,nn_multiclass,win_02,test,actual_0,7,20,22.0
nn,multiclass,nn_multiclass,win_02,test,actual_1,2,2,6.0
nn,multiclass,nn_multiclass,win_03,train,actual_-1,67,1,99.0
nn,multiclass,nn_multiclass,win_03,train,actual_0,920,10,8.0
nn,multiclass,nn_multiclass,win_03,train,actual_1,50,101,1.0
nn,multiclass,nn_multiclass,win_03,val,actual_-1,1,0,5.0
nn,multiclass,nn_multiclass,win_03,val,actual_0,53,0,0.0
nn,multiclass,nn_multiclass,win_03,val,actual_1,0,5,1.0
nn,multiclass,nn_multiclass,win_03,test,actual_-1,1,0,0.0
nn,multiclass,nn_multiclass,win_03,test,actual_0,47,0,12.0
nn,multiclass,nn_multiclass,win_03,test,actual_1,2,1,1.0
nn,multiclass,nn_multiclass,win_04,train,actual_-1,102,38,195.0
nn,multiclass,nn_multiclass,win_04,train,actual_0,523,48,47.0
nn,multiclass,nn_multiclass,win_04,train,actual_1,70,212,23.0
nn,multiclass,nn_multiclass,win_04,val,actual_-1,4,0,2.0
nn,multiclass,nn_multiclass,win_04,val,actual_0,41,2,0.0
nn,multiclass,nn_multiclass,win_04,val,actual_1,8,7,0.0
nn,multiclass,nn_multiclass,win_04,test,actual_-1,9,2,0.0
nn,multiclass,nn_multiclass,win_04,test,actual_0,27,7,0.0
nn,multiclass,nn_multiclass,win_04,test,actual_1,16,2,0.0
nn,multiclass,nn_multiclass,win_05,train,actual_-1,74,8,138.0
nn,multiclass,nn_multiclass,win_05,train,actual_0,804,20,14.0
nn,multiclass,nn_multiclass,win_05,train,actual_1,51,145,4.0
nn,multiclass,nn_multiclass,win_05,val,actual_-1,2,0,3.0
nn,multiclass,nn_multiclass,win_05,val,actual_0,47,0,0.0
nn,multiclass,nn_multiclass,win_05,val,actual_1,3,8,0.0
nn,multiclass,nn_multiclass,win_05,test,actual_-1,6,5,0.0
nn,multiclass,nn_multiclass,win_05,test,actual_0,11,33,0.0
nn,multiclass,nn_multiclass,win_05,test,actual_1,2,3,1.0
nn,multiclass,nn_multiclass,win_06,train,actual_-1,143,2,14.0
nn,multiclass,nn_multiclass,win_06,train,actual_0,935,4,3.0
nn,multiclass,nn_multiclass,win_06,train,actual_1,145,8,4.0
nn,multiclass,nn_multiclass,win_06,val,actual_-1,9,0,0.0
nn,multiclass,nn_multiclass,win_06,val,actual_0,47,0,0.0
nn,multiclass,nn_multiclass,win_06,val,actual_1,4,0,1.0
nn,multiclass,nn_multiclass,win_06,test,actual_-1,11,0,0.0
nn,multiclass,nn_multiclass,win_06,test,actual_0,43,0,0.0
nn,multiclass,nn_multiclass,win_06,test,actual_1,10,0,0.0
nn,multiclass,nn_multiclass,win_07,train,actual_-1,76,19,224.0
nn,multiclass,nn_multiclass,win_07,train,actual_0,583,30,17.0
nn,multiclass,nn_multiclass,win_07,train,actual_1,64,228,16.0
nn,multiclass,nn_multiclass,win_07,val,actual_-1,3,0,14.0
nn,multiclass,nn_multiclass,win_07,val,actual_0,29,1,0.0
nn,multiclass,nn_multiclass,win_07,val,actual_1,3,14,0.0
nn,multiclass,nn_multiclass,win_07,test,actual_-1,10,0,3.0
nn,multiclass,nn_multiclass,win_07,test,actual_0,31,0,6.0
nn,multiclass,nn_multiclass,win_07,test,actual_1,12,1,1.0
nn,multiclass,nn_multiclass,win_08,train,actual_-1,119,35,168.0
nn,multiclass,nn_multiclass,win_08,train,actual_0,532,45,46.0
nn,multiclass,nn_multiclass,win_08,train,actual_1,83,211,18.0
nn,multiclass,nn_multiclass,win_08,val,actual_-1,5,2,6.0
nn,multiclass,nn_multiclass,win_08,val,actual_0,35,1,1.0
nn,multiclass,nn_multiclass,win_08,val,actual_1,5,7,2.0
nn,multiclass,nn_multiclass,win_08,test,actual_-1,4,0,10.0
nn,multiclass,nn_multiclass,win_08,test,actual_0,13,0,19.0
nn,multiclass,nn_multiclass,win_08,test,actual_1,8,0,9.0
nn,multiclass,nn_multiclass,win_09,train,actual_-1,160,6,47.0
nn,multiclass,nn_multiclass,win_09,train,actual_0,813,18,7.0
nn,multiclass,nn_multiclass,win_09,train,actual_1,166,34,6.0
nn,multiclass,nn_multiclass,win_09,val,actual_-1,5,0,2.0
nn,multiclass,nn_multiclass,win_09,val,actual_0,45,0,1.0
nn,multiclass,nn_multiclass,win_09,val,actual_1,10,0,0.0
nn,multiclass,nn_multiclass,win_09,test,actual_-1,7,0,0.0
nn,multiclass,nn_multiclass,win_09,test,actual_0,42,0,0.0
nn,multiclass,nn_multiclass,win_09,test,actual_1,12,0,0.0
nn,multiclass,nn_multiclass,win_10,train,actual_-1,125,13,70.0
nn,multiclass,nn_multiclass,win_10,train,actual_0,807,20,15.0
nn,multiclass,nn_multiclass,win_10,train,actual_1,109,90,10.0
nn,multiclass,nn_multiclass,win_10,val,actual_-1,5,0,2.0
nn,multiclass,nn_multiclass,win_10,val,actual_0,41,1,0.0
nn,multiclass,nn_multiclass,win_10,val,actual_1,8,4,0.0
nn,multiclass,nn_multiclass,win_10,test,actual_-1,9,1,4.0
nn,multiclass,nn_multiclass,win_10,test,actual_0,21,6,14.0
nn,multiclass,nn_multiclass,win_10,test,actual_1,3,3,3.0
nn,multiclass,nn_multiclass,win_11,train,actual_-1,233,16,58.0
nn,multiclass,nn_multiclass,win_11,train,actual_0,576,25,29.0
nn,multiclass,nn_multiclass,win_11,train,actual_1,264,37,21.0
nn,multiclass,nn_multiclass,win_11,val,actual_-1,13,1,3.0
nn,multiclass,nn_multiclass,win_11,val,actual_0,26,1,4.0
nn,multiclass,nn_multiclass,win_11,val,actual_1,14,0,2.0
nn,multiclass,nn_multiclass,win_11,test,actual_-1,9,0,4.0
nn,multiclass,nn_multiclass,win_11,test,actual_0,13,1,11.0
nn,multiclass,nn_multiclass,win_11,test,actual_1,16,1,9.0
nn,multiclass,nn_multiclass,win_12,train,actual_-1,70,14,160.0
nn,multiclass,nn_multiclass,win_12,train,actual_0,715,25,22.0
nn,multiclass,nn_multiclass,win_12,train,actual_1,66,181,6.0
nn,multiclass,nn_multiclass,win_12,val,actual_-1,3,0,8.0
nn,multiclass,nn_multiclass,win_12,val,actual_0,31,1,0.0
nn,multiclass,nn_multiclass,win_12,val,actual_1,2,19,0.0
nn,multiclass,nn_multiclass,win_12,test,actual_-1,18,2,6.0
nn,multiclass,nn_multiclass,win_12,test,actual_0,19,0,3.0
nn,multiclass,nn_multiclass,win_12,test,actual_1,12,0,2.0
nn,multiclass,nn_multiclass,win_13,train,actual_-1,152,34,97.0
nn,multiclass,nn_multiclass,win_13,train,actual_0,543,61,38.0
nn,multiclass,nn_multiclass,win_13,train,actual_1,183,115,36.0
nn,multiclass,nn_multiclass,win_13,val,actual_-1,3,2,21.0
nn,multiclass,nn_multiclass,win_13,val,actual_0,13,1,4.0
nn,multiclass,nn_multiclass,win_13,val,actual_1,3,8,7.0
nn,multiclass,nn_multiclass,win_13,test,actual_-1,0,3,14.0
nn,multiclass,nn_multiclass,win_13,test,actual_0,2,6,12.0
nn,multiclass,nn_multiclass,win_13,test,actual_1,2,8,14.0
nn,multiclass,nn_multiclass,win_14,train,actual_-1,82,10,106.0
nn,multiclass,nn_multiclass,win_14,train,actual_0,810,20,22.0
nn,multiclass,nn_multiclass,win_14,train,actual_1,58,136,14.0
nn,multiclass,nn_multiclass,win_14,val,actual_-1,2,2,7.0
nn,multiclass,nn_multiclass,win_14,val,actual_0,29,0,3.0
nn,multiclass,nn_multiclass,win_14,val,actual_1,3,15,0.0
nn,multiclass,nn_multiclass,win_14,test,actual_-1,9,0,0.0
nn,multiclass,nn_multiclass,win_14,test,actual_0,41,3,3.0
nn,multiclass,nn_multiclass,win_14,test,actual_1,8,0,0.0
nn,multiclass,nn_multiclass,win_15,train,actual_-1,182,5,14.0
nn,multiclass,nn_multiclass,win_15,train,actual_0,826,8,5.0
nn,multiclass,nn_multiclass,win_15,train,actual_1,195,17,6.0
nn,multiclass,nn_multiclass,win_15,val,actual_-1,9,0,0.0
nn,multiclass,nn_multiclass,win_15,val,actual_0,47,0,0.0
nn,multiclass,nn_multiclass,win_15,val,actual_1,8,0,0.0
nn,multiclass,nn_multiclass,win_15,test,actual_-1,6,2,4.0
nn,multiclass,nn_multiclass,win_15,test,actual_0,28,9,5.0
nn,multiclass,nn_multiclass,win_15,test,actual_1,9,1,0.0
nn,multiclass,nn_multiclass,win_16,train,actual_-1,88,30,175.0
nn,multiclass,nn_multiclass,win_16,train,actual_0,546,50,28.0
nn,multiclass,nn_multiclass,win_16,train,actual_1,87,220,34.0
nn,multiclass,nn_multiclass,win_16,val,actual_-1,4,0,12.0
nn,multiclass,nn_multiclass,win_16,val,actual_0,30,4,3.0
nn,multiclass,nn_multiclass,win_16,val,actual_1,4,6,1.0
nn,multiclass,nn_multiclass,win_16,test,actual_-1,6,8,2.0
nn,multiclass,nn_multiclass,win_16,test,actual_0,13,15,7.0
nn,multiclass,nn_multiclass,win_16,test,actual_1,3,6,3.0
nn,multiclass,nn_multiclass,win_17,train,actual_-1,51,10,184.0
nn,multiclass,nn_multiclass,win_17,train,actual_0,710,24,18.0
nn,multiclass,nn_multiclass,win_17,train,actual_1,52,200,10.0
nn,multiclass,nn_multiclass,win_17,val,actual_-1,5,0,8.0
nn,multiclass,nn_multiclass,win_17,val,actual_0,40,0,1.0
nn,multiclass,nn_multiclass,win_17,val,actual_1,2,7,0.0
nn,multiclass,nn_multiclass,win_17,test,actual_-1,6,12,4.0
nn,multiclass,nn_multiclass,win_17,test,actual_0,7,11,6.0
nn,multiclass,nn_multiclass,win_17,test,actual_1,3,7,6.0
nn,multiclass,nn_multiclass,win_18,train,actual_-1,132,0,6.0
nn,multiclass,nn_multiclass,win_18,train,actual_0,959,1,1.0
nn,multiclass,nn_multiclass,win_18,train,actual_1,156,1,3.0
nn,multiclass,nn_multiclass,win_18,val,actual_-1,13,0,7.0
nn,multiclass,nn_multiclass,win_18,val,actual_0,27,0,2.0
nn,multiclass,nn_multiclass,win_18,val,actual_1,10,2,1.0
nn,multiclass,nn_multiclass,win_18,test,actual_-1,17,0,0.0
nn,multiclass,nn_multiclass,win_18,test,actual_0,38,0,0.0
nn,multiclass,nn_multiclass,win_18,test,actual_1,8,0,0.0
nn,multiclass,nn_multiclass,win_19,train,actual_-1,182,11,56.0
nn,multiclass,nn_multiclass,win_19,train,actual_0,719,25,19.0
nn,multiclass,nn_multiclass,win_19,train,actual_1,181,46,20.0
nn,multiclass,nn_multiclass,win_19,val,actual_-1,6,1,12.0
nn,multiclass,nn_multiclass,win_19,val,actual_0,26,2,2.0
nn,multiclass,nn_multiclass,win_19,val,actual_1,9,3,2.0
nn,multiclass,nn_multiclass,win_19,test,actual_-1,23,0,0.0
nn,multiclass,nn_multiclass,win_19,test,actual_0,27,0,0.0
nn,multiclass,nn_multiclass,win_19,test,actual_1,13,0,0.0
nn,multiclass,nn_multiclass,win_20,train,actual_-1,149,26,120.0
nn,multiclass,nn_multiclass,win_20,train,actual_0,556,47,39.0
nn,multiclass,nn_multiclass,win_20,train,actual_1,182,106,34.0
nn,multiclass,nn_multiclass,win_20,val,actual_-1,3,5,16.0
nn,multiclass,nn_multiclass,win_20,val,actual_0,11,4,4.0
nn,multiclass,nn_multiclass,win_20,val,actual_1,5,14,1.0
nn,multiclass,nn_multiclass,win_20,test,actual_-1,2,21,2.0
nn,multiclass,nn_multiclass,win_20,test,actual_0,2,12,6.0
nn,multiclass,nn_multiclass,win_20,test,actual_1,2,12,4.0
nn,multiclass,nn_multiclass,win_21,train,actual_-1,54,4,186.0
nn,multiclass,nn_multiclass,win_21,train,actual_0,744,13,8.0
nn,multiclass,nn_multiclass,win_21,train,actual_1,67,178,5.0
nn,multiclass,nn_multiclass,win_21,val,actual_-1,3,1,19.0
nn,multiclass,nn_multiclass,win_21,val,actual_0,28,0,0.0
nn,multiclass,nn_multiclass,win_21,val,actual_1,2,10,0.0
nn,multiclass,nn_multiclass,win_21,test,actual_-1,9,1,5.0
nn,multiclass,nn_multiclass,win_21,test,actual_0,19,2,12.0
nn,multiclass,nn_multiclass,win_21,test,actual_1,9,0,5.0
nn,multiclass,nn_multiclass,win_22,train,actual_-1,27,6,227.0
nn,multiclass,nn_multiclass,win_22,train,actual_0,741,12,6.0
nn,multiclass,nn_multiclass,win_22,train,actual_1,31,205,4.0
nn,multiclass,nn_multiclass,win_22,val,actual_-1,2,0,13.0
nn,multiclass,nn_multiclass,win_22,val,actual_0,33,0,0.0
nn,multiclass,nn_multiclass,win_22,val,actual_1,2,12,0.0
nn,multiclass,nn_multiclass,win_22,test,actual_-1,3,1,3.0
nn,multiclass,nn_multiclass,win_22,test,actual_0,17,3,20.0
nn,multiclass,nn_multiclass,win_22,test,actual_1,8,0,8.0
nn,multiclass,nn_multiclass,win_23,train,actual_-1,123,15,79.0
nn,multiclass,nn_multiclass,win_23,train,actual_0,813,6,23.0
nn,multiclass,nn_multiclass,win_23,train,actual_1,126,61,14.0
nn,multiclass,nn_multiclass,win_23,val,actual_-1,6,0,1.0
nn,multiclass,nn_multiclass,win_23,val,actual_0,43,1,0.0
nn,multiclass,nn_multiclass,win_23,val,actual_1,10,2,0.0
nn,multiclass,nn_multiclass,win_23,test,actual_-1,3,5,2.0
nn,multiclass,nn_multiclass,win_23,test,actual_0,29,13,5.0
nn,multiclass,nn_multiclass,win_23,test,actual_1,3,3,1.0
nn,multiclass,nn_multiclass,win_24,train,actual_-1,115,42,154.0
nn,multiclass,nn_multiclass,win_24,train,actual_0,541,43,44.0
nn,multiclass,nn_multiclass,win_24,train,actual_1,127,160,32.0
nn,multiclass,nn_multiclass,win_24,val,actual_-1,11,2,6.0
nn,multiclass,nn_multiclass,win_24,val,actual_0,31,1,1.0
nn,multiclass,nn_multiclass,win_24,val,actual_1,4,5,3.0
nn,multiclass,nn_multiclass,win_24,test,actual_-1,10,4,3.0
nn,multiclass,nn_multiclass,win_24,test,actual_0,10,8,9.0
nn,multiclass,nn_multiclass,win_24,test,actual_1,10,9,0.0
nn,multiclass,nn_multiclass,win_25,train,actual_-1,78,18,171.0
nn,multiclass,nn_multiclass,win_25,train,actual_0,692,43,24.0
nn,multiclass,nn_multiclass,win_25,train,actual_1,93,120,19.0
nn,multiclass,nn_multiclass,win_25,val,actual_-1,6,1,8.0
nn,multiclass,nn_multiclass,win_25,val,actual_0,29,1,3.0
nn,multiclass,nn_multiclass,win_25,val,actual_1,4,10,1.0
nn,multiclass,nn_multiclass,win_25,test,actual_-1,2,6,9.0
nn,multiclass,nn_multiclass,win_25,test,actual_0,5,13,13.0
nn,multiclass,nn_multiclass,win_25,test,actual_1,2,9,3.0
nn,multiclass,nn_multiclass,win_26,train,actual_-1,155,6,58.0
nn,multiclass,nn_multiclass,win_26,train,actual_0,818,8,19.0
nn,multiclass,nn_multiclass,win_26,train,actual_1,157,27,10.0
nn,multiclass,nn_multiclass,win_26,val,actual_-1,11,0,2.0
nn,multiclass,nn_multiclass,win_26,val,actual_0,38,0,1.0
nn,multiclass,nn_multiclass,win_26,val,actual_1,10,0,0.0
nn,multiclass,nn_multiclass,win_26,test,actual_-1,6,0,0.0
nn,multiclass,nn_multiclass,win_26,test,actual_0,49,0,1.0
nn,multiclass,nn_multiclass,win_26,test,actual_1,7,0,0.0
nn,multiclass,nn_multiclass,win_27,train,actual_-1,169,8,94.0
nn,multiclass,nn_multiclass,win_27,train,actual_0,698,19,34.0
nn,multiclass,nn_multiclass,win_27,train,actual_1,164,52,21.0
nn,multiclass,nn_multiclass,win_27,val,actual_-1,7,1,3.0
nn,multiclass,nn_multiclass,win_27,val,actual_0,42,0,0.0
nn,multiclass,nn_multiclass,win_27,val,actual_1,8,2,0.0
nn,multiclass,nn_multiclass,win_27,test,actual_-1,12,0,1.0
nn,multiclass,nn_multiclass,win_27,test,actual_0,44,0,0.0
nn,multiclass,nn_multiclass,win_27,test,actual_1,7,0,0.0
nn,multiclass,nn_multiclass,win_28,train,actual_-1,84,5,184.0
nn,multiclass,nn_multiclass,win_28,train,actual_0,711,23,15.0
nn,multiclass,nn_multiclass,win_28,train,actual_1,80,147,9.0
nn,multiclass,nn_multiclass,win_28,val,actual_-1,7,0,6.0
nn,multiclass,nn_multiclass,win_28,val,actual_0,44,0,0.0
nn,multiclass,nn_multiclass,win_28,val,actual_1,3,4,0.0
nn,multiclass,nn_multiclass,win_28,test,actual_-1,0,0,7.0
nn,multiclass,nn_multiclass,win_28,test,actual_0,5,2,26.0
nn,multiclass,nn_multiclass,win_28,test,actual_1,3,2,18.0
nn,multiclass,nn_multiclass,win_29,train,actual_-1,97,16,158.0
nn,multiclass,nn_multiclass,win_29,train,actual_0,696,19,43.0
nn,multiclass,nn_multiclass,win_29,train,actual_1,89,125,15.0
nn,multiclass,nn_multiclass,win_29,val,actual_-1,4,1,2.0
nn,multiclass,nn_multiclass,win_29,val,actual_0,31,2,1.0
nn,multiclass,nn_multiclass,win_29,val,actual_1,7,14,1.0
nn,multiclass,nn_multiclass,win_29,test,actual_-1,7,4,0.0
nn,multiclass,nn_multiclass,win_29,test,actual_0,29,8,0.0
nn,multiclass,nn_multiclass,win_29,test,actual_1,11,2,0.0
nn,multiclass,nn_multiclass,win_30,train,actual_-1,20,2,196.0
nn,multiclass,nn_multiclass,win_30,train,actual_0,823,8,11.0
nn,multiclass,nn_multiclass,win_30,train,actual_1,17,181,0.0
nn,multiclass,nn_multiclass,win_30,val,actual_-1,3,0,6.0
nn,multiclass,nn_multiclass,win_30,val,actual_0,40,1,1.0
nn,multiclass,nn_multiclass,win_30,val,actual_1,2,8,0.0
nn,multiclass,nn_multiclass,win_30,test,actual_-1,11,0,1.0
nn,multiclass,nn_multiclass,win_30,test,actual_0,37,0,2.0
nn,multiclass,nn_multiclass,win_30,test,actual_1,12,0,0.0
nn,multiclass,nn_multiclass,win_31,train,actual_-1,68,9,189.0
nn,multiclass,nn_multiclass,win_31,train,actual_0,705,24,26.0
nn,multiclass,nn_multiclass,win_31,train,actual_1,57,166,14.0
nn,multiclass,nn_multiclass,win_31,val,actual_-1,5,0,9.0
nn,multiclass,nn_multiclass,win_31,val,actual_0,37,0,0.0
nn,multiclass,nn_multiclass,win_31,val,actual_1,2,10,0.0
nn,multiclass,nn_multiclass,win_31,test,actual_-1,8,0,1.0
nn,multiclass,nn_multiclass,win_31,test,actual_0,35,1,5.0
nn,multiclass,nn_multiclass,win_31,test,actual_1,11,0,3.0
nn,multiclass,nn_multiclass,win_32,train,actual_-1,115,11,96.0
nn,multiclass,nn_multiclass,win_32,train,actual_0,792,27,18.0
nn,multiclass,nn_multiclass,win_32,train,actual_1,74,120,4.0
nn,multiclass,nn_multiclass,win_32,val,actual_-1,5,0,2.0
nn,multiclass,nn_multiclass,win_32,val,actual_0,47,0,1.0
nn,multiclass,nn_multiclass,win_32,val,actual_1,4,5,0.0
nn,multiclass,nn_multiclass,win_32,test,actual_-1,4,1,5.0
nn,multiclass,nn_multiclass,win_32,test,actual_0,18,11,16.0
nn,multiclass,nn_multiclass,win_32,test,actual_1,4,0,4.0
nn,multiclass,nn_multiclass,win_33,train,actual_-1,199,1,23.0
nn,multiclass,nn_multiclass,win_33,train,actual_0,824,4,11.0
nn,multiclass,nn_multiclass,win_33,train,actual_1,183,7,5.0
nn,multiclass,nn_multiclass,win_33,val,actual_-1,10,0,0.0
nn,multiclass,nn_multiclass,win_33,val,actual_0,45,0,0.0
nn,multiclass,nn_multiclass,win_33,val,actual_1,8,0,0.0
nn,multiclass,nn_multiclass,win_33,test,actual_-1,3,0,6.0
nn,multiclass,nn_multiclass,win_33,test,actual_0,11,0,22.0
nn,multiclass,nn_multiclass,win_33,test,actual_1,8,0,13.0
nn,multiclass,nn_multiclass,win_34,train,actual_-1,105,2,49.0
nn,multiclass,nn_multiclass,win_34,train,actual_0,921,12,14.0
nn,multiclass,nn_multiclass,win_34,train,actual_1,107,42,6.0
nn,multiclass,nn_multiclass,win_34,val,actual_-1,3,0,3.0
nn,multiclass,nn_multiclass,win_34,val,actual_0,41,1,1.0
nn,multiclass,nn_multiclass,win_34,val,actual_1,4,10,0.0
nn,multiclass,nn_multiclass,win_34,test,actual_-1,10,0,2.0
nn,multiclass,nn_multiclass,win_34,test,actual_0,29,4,1.0
nn,multiclass,nn_multiclass,win_34,test,actual_1,13,4,0.0
nn,multiclass,nn_multiclass,win_35,train,actual_-1,114,20,179.0
nn,multiclass,nn_multiclass,win_35,train,actual_0,552,48,42.0
nn,multiclass,nn_multiclass,win_35,train,actual_1,88,193,24.0
nn,multiclass,nn_multiclass,win_35,val,actual_-1,4,3,11.0
nn,multiclass,nn_multiclass,win_35,val,actual_0,11,3,5.0
nn,multiclass,nn_multiclass,win_35,val,actual_1,0,25,1.0
nn,multiclass,nn_multiclass,win_35,test,actual_-1,6,7,7.0
nn,multiclass,nn_multiclass,win_35,test,actual_0,20,7,3.0
nn,multiclass,nn_multiclass,win_35,test,actual_1,6,3,5.0
nn,multiclass,nn_multiclass,win_36,train,actual_-1,158,13,83.0
nn,multiclass,nn_multiclass,win_36,train,actual_0,699,28,28.0
nn,multiclass,nn_multiclass,win_36,train,actual_1,162,69,19.0
nn,multiclass,nn_multiclass,win_36,val,actual_-1,8,0,8.0
nn,multiclass,nn_multiclass,win_36,val,actual_0,37,0,2.0
nn,multiclass,nn_multiclass,win_36,val,actual_1,8,1,0.0
nn,multiclass,nn_multiclass,win_36,test,actual_-1,17,1,0.0
nn,multiclass,nn_multiclass,win_36,test,actual_0,26,4,1.0
nn,multiclass,nn_multiclass,win_36,test,actual_1,11,0,3.0
nn,multiclass,nn_multiclass,win_37,train,actual_-1,211,6,35.0
nn,multiclass,nn_multiclass,win_37,train,actual_0,737,15,9.0
nn,multiclass,nn_multiclass,win_37,train,actual_1,205,33,8.0
nn,multiclass,nn_multiclass,win_37,val,actual_-1,10,0,7.0
nn,multiclass,nn_multiclass,win_37,val,actual_0,27,0,5.0
nn,multiclass,nn_multiclass,win_37,val,actual_1,11,2,1.0
nn,multiclass,nn_multiclass,win_37,test,actual_-1,12,0,1.0
nn,multiclass,nn_multiclass,win_37,test,actual_0,25,0,6.0
nn,multiclass,nn_multiclass,win_37,test,actual_1,14,0,2.0
nn,multiclass,nn_multiclass,win_38,train,actual_-1,68,7,179.0
nn,multiclass,nn_multiclass,win_38,train,actual_0,726,12,22.0
nn,multiclass,nn_multiclass,win_38,train,actual_1,59,177,9.0
nn,multiclass,nn_multiclass,win_38,val,actual_-1,0,0,13.0
nn,multiclass,nn_multiclass,win_38,val,actual_0,29,1,1.0
nn,multiclass,nn_multiclass,win_38,val,actual_1,3,13,0.0
nn,multiclass,nn_multiclass,win_38,test,actual_-1,4,4,3.0
nn,multiclass,nn_multiclass,win_38,test,actual_0,15,17,6.0
nn,multiclass,nn_multiclass,win_38,test,actual_1,6,8,0.0
nn,multiclass,nn_multiclass,win_39,train,actual_-1,34,10,206.0
nn,multiclass,nn_multiclass,win_39,train,actual_0,737,10,8.0
nn,multiclass,nn_multiclass,win_39,train,actual_1,25,223,4.0
nn,multiclass,nn_multiclass,win_39,val,actual_-1,2,0,9.0
nn,multiclass,nn_multiclass,win_39,val,actual_0,37,0,0.0
nn,multiclass,nn_multiclass,win_39,val,actual_1,0,15,0.0
nn,multiclass,nn_multiclass,win_39,test,actual_-1,5,8,3.0
nn,multiclass,nn_multiclass,win_39,test,actual_0,12,15,13.0
nn,multiclass,nn_multiclass,win_39,test,actual_1,2,5,0.0
nn,multiclass,nn_multiclass,win_40,train,actual_-1,69,1,85.0
nn,multiclass,nn_multiclass,win_40,train,actual_0,913,14,12.0
nn,multiclass,nn_multiclass,win_40,train,actual_1,61,93,9.0
nn,multiclass,nn_multiclass,win_40,val,actual_-1,4,0,3.0
nn,multiclass,nn_multiclass,win_40,val,actual_0,51,0,0.0
nn,multiclass,nn_multiclass,win_40,val,actual_1,2,3,0.0
nn,multiclass,nn_multiclass,win_40,test,actual_-1,4,1,1.0
nn,multiclass,nn_multiclass,win_40,test,actual_0,40,1,11.0
nn,multiclass,nn_multiclass,win_40,test,actual_1,3,0,2.0
